[
{
  "model": "admin.logentry",
  "pk": 1,
  "fields": {
    "action_time": "2024-10-03T12:51:15.521Z",
    "user": 1,
    "content_type": 11,
    "object_id": "1",
    "object_repr": "УЗИ молочных желез",
    "action_flag": 1,
    "change_message": "[{\"added\": {}}]"
  }
},
{
  "model": "admin.logentry",
  "pk": 2,
  "fields": {
    "action_time": "2024-10-03T12:51:26.355Z",
    "user": 1,
    "content_type": 11,
    "object_id": "2",
    "object_repr": "УЗИ органов брюшной полости",
    "action_flag": 1,
    "change_message": "[{\"added\": {}}]"
  }
},
{
  "model": "admin.logentry",
  "pk": 3,
  "fields": {
    "action_time": "2024-10-03T12:51:49.562Z",
    "user": 1,
    "content_type": 12,
    "object_id": "1",
    "object_repr": "Ангелина Топычканова - 83012660088",
    "action_flag": 1,
    "change_message": "[{\"added\": {}}]"
  }
},
{
  "model": "admin.logentry",
  "pk": 4,
  "fields": {
    "action_time": "2024-10-03T12:52:06.512Z",
    "user": 1,
    "content_type": 12,
    "object_id": "2",
    "object_repr": "Здесь будет новый специалист - 83012660088",
    "action_flag": 1,
    "change_message": "[{\"added\": {}}]"
  }
},
{
  "model": "admin.logentry",
  "pk": 5,
  "fields": {
    "action_time": "2024-10-05T03:35:35.140Z",
    "user": 1,
    "content_type": 7,
    "object_id": "1",
    "object_repr": "снаружи",
    "action_flag": 1,
    "change_message": "[{\"added\": {}}]"
  }
},
{
  "model": "admin.logentry",
  "pk": 6,
  "fields": {
    "action_time": "2024-10-05T03:35:52.780Z",
    "user": 1,
    "content_type": 7,
    "object_id": "2",
    "object_repr": "внутри",
    "action_flag": 1,
    "change_message": "[{\"added\": {}}]"
  }
},
{
  "model": "admin.logentry",
  "pk": 7,
  "fields": {
    "action_time": "2024-10-05T03:37:23.883Z",
    "user": 1,
    "content_type": 9,
    "object_id": "1",
    "object_repr": "УЗИ плевральной полости",
    "action_flag": 1,
    "change_message": "[{\"added\": {}}]"
  }
},
{
  "model": "admin.logentry",
  "pk": 8,
  "fields": {
    "action_time": "2024-10-05T03:37:39.223Z",
    "user": 1,
    "content_type": 9,
    "object_id": "2",
    "object_repr": "УЗИ щитовидной железы и паращитовидных желез у детей",
    "action_flag": 1,
    "change_message": "[{\"added\": {}}]"
  }
},
{
  "model": "admin.logentry",
  "pk": 9,
  "fields": {
    "action_time": "2024-10-05T03:38:20.179Z",
    "user": 1,
    "content_type": 11,
    "object_id": "2",
    "object_repr": "УЗИ органов брюшной полости (комплексное)",
    "action_flag": 2,
    "change_message": "[{\"changed\": {\"fields\": [\"\\u041d\\u0430\\u0437\\u0432\\u0430\\u043d\\u0438\\u0435\", \"\\u041e\\u043f\\u0438\\u0441\\u0430\\u043d\\u0438\\u0435\", \"\\u0426\\u0435\\u043d\\u0430\"]}}]"
  }
},
{
  "model": "admin.logentry",
  "pk": 10,
  "fields": {
    "action_time": "2024-10-05T03:38:30.085Z",
    "user": 1,
    "content_type": 11,
    "object_id": "1",
    "object_repr": "УЗИ молочных желез",
    "action_flag": 2,
    "change_message": "[{\"changed\": {\"fields\": [\"\\u0426\\u0435\\u043d\\u0430\"]}}]"
  }
},
{
  "model": "admin.logentry",
  "pk": 11,
  "fields": {
    "action_time": "2024-10-05T03:39:03.586Z",
    "user": 1,
    "content_type": 10,
    "object_id": "1",
    "object_repr": "001",
    "action_flag": 1,
    "change_message": "[{\"added\": {}}]"
  }
},
{
  "model": "admin.logentry",
  "pk": 12,
  "fields": {
    "action_time": "2024-10-05T03:39:13.295Z",
    "user": 1,
    "content_type": 10,
    "object_id": "2",
    "object_repr": "002",
    "action_flag": 1,
    "change_message": "[{\"added\": {}}]"
  }
},
{
  "model": "admin.logentry",
  "pk": 13,
  "fields": {
    "action_time": "2024-10-05T03:39:47.746Z",
    "user": 1,
    "content_type": 8,
    "object_id": "1",
    "object_repr": "01",
    "action_flag": 1,
    "change_message": "[{\"added\": {}}]"
  }
},
{
  "model": "admin.logentry",
  "pk": 14,
  "fields": {
    "action_time": "2024-10-05T03:39:56.486Z",
    "user": 1,
    "content_type": 8,
    "object_id": "2",
    "object_repr": "02",
    "action_flag": 1,
    "change_message": "[{\"added\": {}}]"
  }
},
{
  "model": "admin.logentry",
  "pk": 15,
  "fields": {
    "action_time": "2024-10-05T03:41:01.814Z",
    "user": 1,
    "content_type": 11,
    "object_id": "3",
    "object_repr": "УЗИ чего-то",
    "action_flag": 1,
    "change_message": "[{\"added\": {}}]"
  }
},
{
  "model": "admin.logentry",
  "pk": 16,
  "fields": {
    "action_time": "2024-10-05T03:41:09.817Z",
    "user": 1,
    "content_type": 12,
    "object_id": "2",
    "object_repr": "Здесь будет новый специалист - 83012660088",
    "action_flag": 2,
    "change_message": "[{\"changed\": {\"fields\": [\"\\u0423\\u0441\\u043b\\u0443\\u0433\\u0438\"]}}]"
  }
},
{
  "model": "admin.logentry",
  "pk": 17,
  "fields": {
    "action_time": "2024-10-05T04:07:16.466Z",
    "user": 1,
    "content_type": 9,
    "object_id": "3",
    "object_repr": "УЗИ щитовидной железы и паращитовидных желез",
    "action_flag": 1,
    "change_message": "[{\"added\": {}}]"
  }
},
{
  "model": "admin.logentry",
  "pk": 18,
  "fields": {
    "action_time": "2024-10-05T04:07:54.006Z",
    "user": 1,
    "content_type": 9,
    "object_id": "4",
    "object_repr": "УЗИ мочевого пузыря с определением остаточного объема мочи",
    "action_flag": 1,
    "change_message": "[{\"added\": {}}]"
  }
},
{
  "model": "admin.logentry",
  "pk": 19,
  "fields": {
    "action_time": "2024-10-05T04:08:12.703Z",
    "user": 1,
    "content_type": 9,
    "object_id": "5",
    "object_repr": "УЗИ слюнных желез (подъязычных, подчелюстных, околоушных)",
    "action_flag": 1,
    "change_message": "[{\"added\": {}}]"
  }
},
{
  "model": "admin.logentry",
  "pk": 20,
  "fields": {
    "action_time": "2024-10-05T04:08:38.349Z",
    "user": 1,
    "content_type": 9,
    "object_id": "6",
    "object_repr": "УЗИ грудных желез (мужчины)",
    "action_flag": 1,
    "change_message": "[{\"added\": {}}]"
  }
},
{
  "model": "admin.logentry",
  "pk": 21,
  "fields": {
    "action_time": "2024-10-05T04:08:52.020Z",
    "user": 1,
    "content_type": 9,
    "object_id": "7",
    "object_repr": "УЗИ мягких тканей (1 зона)",
    "action_flag": 1,
    "change_message": "[{\"added\": {}}]"
  }
},
{
  "model": "admin.logentry",
  "pk": 22,
  "fields": {
    "action_time": "2024-10-05T04:09:07.864Z",
    "user": 1,
    "content_type": 9,
    "object_id": "8",
    "object_repr": "УЗИ почек и надпочечников у детей",
    "action_flag": 1,
    "change_message": "[{\"added\": {}}]"
  }
},
{
  "model": "admin.logentry",
  "pk": 23,
  "fields": {
    "action_time": "2024-10-05T04:09:23.070Z",
    "user": 1,
    "content_type": 9,
    "object_id": "9",
    "object_repr": "УЗИ почек и надпочечников",
    "action_flag": 1,
    "change_message": "[{\"added\": {}}]"
  }
},
{
  "model": "admin.logentry",
  "pk": 24,
  "fields": {
    "action_time": "2024-10-05T04:09:37.464Z",
    "user": 1,
    "content_type": 9,
    "object_id": "10",
    "object_repr": "УЗИ молочных желез",
    "action_flag": 1,
    "change_message": "[{\"added\": {}}]"
  }
},
{
  "model": "admin.logentry",
  "pk": 25,
  "fields": {
    "action_time": "2024-10-05T04:09:48.762Z",
    "user": 1,
    "content_type": 9,
    "object_id": "11",
    "object_repr": "УЗИ мошонки",
    "action_flag": 1,
    "change_message": "[{\"added\": {}}]"
  }
},
{
  "model": "admin.logentry",
  "pk": 26,
  "fields": {
    "action_time": "2024-10-05T04:10:39.621Z",
    "user": 1,
    "content_type": 9,
    "object_id": "12",
    "object_repr": "УЗИ лимфатических узлов - 1 зона: (шейные, подмышечные, паховые, забрюшинные)",
    "action_flag": 1,
    "change_message": "[{\"added\": {}}]"
  }
},
{
  "model": "admin.logentry",
  "pk": 27,
  "fields": {
    "action_time": "2024-10-05T04:11:05.144Z",
    "user": 1,
    "content_type": 9,
    "object_id": "13",
    "object_repr": "УЗИ органов брюшной полости и почек у детей",
    "action_flag": 1,
    "change_message": "[{\"added\": {}}]"
  }
},
{
  "model": "admin.logentry",
  "pk": 28,
  "fields": {
    "action_time": "2024-10-05T04:11:27.811Z",
    "user": 1,
    "content_type": 9,
    "object_id": "14",
    "object_repr": "УЗИ тазобедренных суставов у детей",
    "action_flag": 1,
    "change_message": "[{\"added\": {}}]"
  }
},
{
  "model": "admin.logentry",
  "pk": 29,
  "fields": {
    "action_time": "2024-10-05T04:11:41.129Z",
    "user": 1,
    "content_type": 9,
    "object_id": "15",
    "object_repr": "УЗИ почек и мочевого пузыря",
    "action_flag": 1,
    "change_message": "[{\"added\": {}}]"
  }
},
{
  "model": "admin.logentry",
  "pk": 30,
  "fields": {
    "action_time": "2024-10-05T04:11:57.160Z",
    "user": 1,
    "content_type": 9,
    "object_id": "16",
    "object_repr": "УЗИ органов брюшной полости (комплексное)",
    "action_flag": 1,
    "change_message": "[{\"added\": {}}]"
  }
},
{
  "model": "admin.logentry",
  "pk": 31,
  "fields": {
    "action_time": "2024-10-05T04:12:26.324Z",
    "user": 1,
    "content_type": 9,
    "object_id": "17",
    "object_repr": "УЗИ органов малого таза у женщин (комплексное)",
    "action_flag": 1,
    "change_message": "[{\"added\": {}}]"
  }
},
{
  "model": "admin.logentry",
  "pk": 32,
  "fields": {
    "action_time": "2024-10-05T04:12:45.116Z",
    "user": 1,
    "content_type": 9,
    "object_id": "18",
    "object_repr": "Дуплексное сканирование экстракраниальных отделов брахиоцефальных артерий (УЗДГ БЦА)",
    "action_flag": 1,
    "change_message": "[{\"added\": {}}]"
  }
},
{
  "model": "admin.logentry",
  "pk": 33,
  "fields": {
    "action_time": "2024-10-05T04:13:15.912Z",
    "user": 1,
    "content_type": 9,
    "object_id": "19",
    "object_repr": "УЗИ органов брюшной полости с определением сократительной функции желчного пузыря у взрослых",
    "action_flag": 1,
    "change_message": "[{\"added\": {}}]"
  }
},
{
  "model": "admin.logentry",
  "pk": 34,
  "fields": {
    "action_time": "2024-10-05T04:13:29.344Z",
    "user": 1,
    "content_type": 9,
    "object_id": "20",
    "object_repr": "Нейросонография у детей",
    "action_flag": 1,
    "change_message": "[{\"added\": {}}]"
  }
},
{
  "model": "admin.logentry",
  "pk": 35,
  "fields": {
    "action_time": "2024-10-05T04:13:51.790Z",
    "user": 1,
    "content_type": 9,
    "object_id": "21",
    "object_repr": "УЗИ органов малого таза при беременности (до 12 недель)",
    "action_flag": 1,
    "change_message": "[{\"added\": {}}]"
  }
},
{
  "model": "admin.logentry",
  "pk": 36,
  "fields": {
    "action_time": "2024-10-05T04:27:45.805Z",
    "user": 1,
    "content_type": 9,
    "object_id": "22",
    "object_repr": "УЗИ щитовидной железы и лимфатических узлов шеи",
    "action_flag": 1,
    "change_message": "[{\"added\": {}}]"
  }
},
{
  "model": "admin.logentry",
  "pk": 37,
  "fields": {
    "action_time": "2024-10-05T04:28:44.469Z",
    "user": 1,
    "content_type": 9,
    "object_id": "23",
    "object_repr": "Дуплексное сканирование артерий верхних конечностей (правая или левая рука)",
    "action_flag": 1,
    "change_message": "[{\"added\": {}}]"
  }
},
{
  "model": "admin.logentry",
  "pk": 38,
  "fields": {
    "action_time": "2024-10-05T04:29:06.457Z",
    "user": 1,
    "content_type": 9,
    "object_id": "24",
    "object_repr": "УЗИ сустава - 1 зона: (коленный, локтевой, плечевой, лучезапястный)",
    "action_flag": 1,
    "change_message": "[{\"added\": {}}]"
  }
},
{
  "model": "admin.logentry",
  "pk": 39,
  "fields": {
    "action_time": "2024-10-05T04:29:40.915Z",
    "user": 1,
    "content_type": 9,
    "object_id": "25",
    "object_repr": "УЗИ органов брюшной полости с определением сократительной функции желчного пузыря у детей",
    "action_flag": 1,
    "change_message": "[{\"added\": {}}]"
  }
},
{
  "model": "admin.logentry",
  "pk": 40,
  "fields": {
    "action_time": "2024-10-05T04:29:53.256Z",
    "user": 1,
    "content_type": 9,
    "object_id": "26",
    "object_repr": "УЗИ периферических нервов (1 зона)",
    "action_flag": 1,
    "change_message": "[{\"added\": {}}]"
  }
},
{
  "model": "admin.logentry",
  "pk": 41,
  "fields": {
    "action_time": "2024-10-05T04:30:09.286Z",
    "user": 1,
    "content_type": 9,
    "object_id": "27",
    "object_repr": "Дуплексное сканирование аорты и ее висцеральных ветвей)",
    "action_flag": 1,
    "change_message": "[{\"added\": {}}]"
  }
},
{
  "model": "admin.logentry",
  "pk": 42,
  "fields": {
    "action_time": "2024-10-05T04:30:27.241Z",
    "user": 1,
    "content_type": 9,
    "object_id": "28",
    "object_repr": "Дуплексное сканирование вен нижних конечностей",
    "action_flag": 1,
    "change_message": "[{\"added\": {}}]"
  }
},
{
  "model": "admin.logentry",
  "pk": 43,
  "fields": {
    "action_time": "2024-10-05T04:30:45.880Z",
    "user": 1,
    "content_type": 9,
    "object_id": "29",
    "object_repr": "Дуплексное сканирование артерий нижних конечностей",
    "action_flag": 1,
    "change_message": "[{\"added\": {}}]"
  }
},
{
  "model": "admin.logentry",
  "pk": 44,
  "fields": {
    "action_time": "2024-10-05T04:31:34.012Z",
    "user": 1,
    "content_type": 9,
    "object_id": "30",
    "object_repr": "Дуплексное сканирование экстракраниальных отделов брахиоцефальных артерий (УЗДГ БЦА) у детей",
    "action_flag": 1,
    "change_message": "[{\"added\": {}}]"
  }
},
{
  "model": "admin.logentry",
  "pk": 45,
  "fields": {
    "action_time": "2024-10-05T04:31:58.569Z",
    "user": 1,
    "content_type": 9,
    "object_id": "31",
    "object_repr": "УЗИ предстательной железы, почек и мочевого пузыря с опр-ем ост. объема мочи (трансабдоминально)",
    "action_flag": 1,
    "change_message": "[{\"added\": {}}]"
  }
},
{
  "model": "admin.logentry",
  "pk": 46,
  "fields": {
    "action_time": "2024-10-05T04:32:15.090Z",
    "user": 1,
    "content_type": 9,
    "object_id": "32",
    "object_repr": "УЗИ предстательной железы, почек и мочевого пузыря с опр-ем ост. объема мочи (трансректально)",
    "action_flag": 1,
    "change_message": "[{\"added\": {}}]"
  }
},
{
  "model": "admin.logentry",
  "pk": 47,
  "fields": {
    "action_time": "2024-10-05T04:32:37.084Z",
    "user": 1,
    "content_type": 9,
    "object_id": "33",
    "object_repr": "УЗИ комплекс \"Женское здоровье\": щитовидной железы, молочных желез, органов МТ(трансабдом/трансрект)",
    "action_flag": 1,
    "change_message": "[{\"added\": {}}]"
  }
},
{
  "model": "admin.logentry",
  "pk": 48,
  "fields": {
    "action_time": "2024-10-05T04:34:52.815Z",
    "user": 1,
    "content_type": 9,
    "object_id": "34",
    "object_repr": "УЗИ у детей в 1 мес (скрининг-комплекс \"Я родился\"):бр.полость, почки, нейросонография, тазоб.суст.)",
    "action_flag": 1,
    "change_message": "[{\"added\": {}}]"
  }
},
{
  "model": "admin.logentry",
  "pk": 49,
  "fields": {
    "action_time": "2024-10-05T04:35:10.328Z",
    "user": 1,
    "content_type": 9,
    "object_id": "35",
    "object_repr": "УЗИ артерий почек с дуплексным сканированием",
    "action_flag": 1,
    "change_message": "[{\"added\": {}}]"
  }
},
{
  "model": "admin.logentry",
  "pk": 50,
  "fields": {
    "action_time": "2024-10-05T04:35:23.964Z",
    "user": 1,
    "content_type": 9,
    "object_id": "36",
    "object_repr": "УЗИ мочеполовой системы (комплекс \"Мужское здоровье\"): почки, мочевой пузырь, предстательная железа",
    "action_flag": 1,
    "change_message": "[{\"added\": {}}]"
  }
},
{
  "model": "admin.logentry",
  "pk": 51,
  "fields": {
    "action_time": "2024-10-05T04:36:26.859Z",
    "user": 1,
    "content_type": 11,
    "object_id": "4",
    "object_repr": "УЗИ щитовидной железы и паращитовидных желез",
    "action_flag": 1,
    "change_message": "[{\"added\": {}}]"
  }
},
{
  "model": "admin.logentry",
  "pk": 52,
  "fields": {
    "action_time": "2024-10-05T04:36:58.609Z",
    "user": 1,
    "content_type": 11,
    "object_id": "5",
    "object_repr": "УЗИ плевральной полости",
    "action_flag": 1,
    "change_message": "[{\"added\": {}}]"
  }
},
{
  "model": "admin.logentry",
  "pk": 53,
  "fields": {
    "action_time": "2024-10-05T04:37:54.704Z",
    "user": 1,
    "content_type": 11,
    "object_id": "6",
    "object_repr": "УЗИ щитовидной железы и паращитовидных желез у детей",
    "action_flag": 1,
    "change_message": "[{\"added\": {}}]"
  }
},
{
  "model": "admin.logentry",
  "pk": 54,
  "fields": {
    "action_time": "2024-10-05T04:38:43.549Z",
    "user": 1,
    "content_type": 11,
    "object_id": "7",
    "object_repr": "УЗИ мочевого пузыря с определением остаточного объема мочи",
    "action_flag": 1,
    "change_message": "[{\"added\": {}}]"
  }
},
{
  "model": "admin.logentry",
  "pk": 55,
  "fields": {
    "action_time": "2024-10-05T04:39:09.267Z",
    "user": 1,
    "content_type": 11,
    "object_id": "8",
    "object_repr": "УЗИ слюнных желез (подъязычных, подчелюстных, околоушных)",
    "action_flag": 1,
    "change_message": "[{\"added\": {}}]"
  }
},
{
  "model": "admin.logentry",
  "pk": 56,
  "fields": {
    "action_time": "2024-10-05T04:40:16.542Z",
    "user": 1,
    "content_type": 11,
    "object_id": "9",
    "object_repr": "УЗИ грудных желез (мужчины)",
    "action_flag": 1,
    "change_message": "[{\"added\": {}}]"
  }
},
{
  "model": "admin.logentry",
  "pk": 57,
  "fields": {
    "action_time": "2024-10-05T04:40:40.874Z",
    "user": 1,
    "content_type": 11,
    "object_id": "10",
    "object_repr": "УЗИ мягких тканей (1 зона)",
    "action_flag": 1,
    "change_message": "[{\"added\": {}}]"
  }
},
{
  "model": "admin.logentry",
  "pk": 58,
  "fields": {
    "action_time": "2024-10-05T04:40:55.853Z",
    "user": 1,
    "content_type": 11,
    "object_id": "11",
    "object_repr": "УЗИ почек и надпочечников у детей",
    "action_flag": 1,
    "change_message": "[{\"added\": {}}]"
  }
},
{
  "model": "admin.logentry",
  "pk": 59,
  "fields": {
    "action_time": "2024-10-05T04:41:16.721Z",
    "user": 1,
    "content_type": 11,
    "object_id": "12",
    "object_repr": "УЗИ почек и надпочечников",
    "action_flag": 1,
    "change_message": "[{\"added\": {}}]"
  }
},
{
  "model": "admin.logentry",
  "pk": 60,
  "fields": {
    "action_time": "2024-10-05T04:41:39.822Z",
    "user": 1,
    "content_type": 11,
    "object_id": "13",
    "object_repr": "УЗИ молочных желез",
    "action_flag": 1,
    "change_message": "[{\"added\": {}}]"
  }
},
{
  "model": "admin.logentry",
  "pk": 61,
  "fields": {
    "action_time": "2024-10-05T04:41:58.660Z",
    "user": 1,
    "content_type": 11,
    "object_id": "14",
    "object_repr": "УЗИ мошонки",
    "action_flag": 1,
    "change_message": "[{\"added\": {}}]"
  }
},
{
  "model": "admin.logentry",
  "pk": 62,
  "fields": {
    "action_time": "2024-10-05T04:42:35.467Z",
    "user": 1,
    "content_type": 11,
    "object_id": "15",
    "object_repr": "УЗИ лимфатических узлов - 1 зона: (шейные, подмышечные, паховые, забрюшинные)",
    "action_flag": 1,
    "change_message": "[{\"added\": {}}]"
  }
},
{
  "model": "admin.logentry",
  "pk": 63,
  "fields": {
    "action_time": "2024-10-05T04:42:59.266Z",
    "user": 1,
    "content_type": 11,
    "object_id": "16",
    "object_repr": "УЗИ органов брюшной полости и почек у детей",
    "action_flag": 1,
    "change_message": "[{\"added\": {}}]"
  }
},
{
  "model": "admin.logentry",
  "pk": 64,
  "fields": {
    "action_time": "2024-10-05T04:43:15.167Z",
    "user": 1,
    "content_type": 11,
    "object_id": "17",
    "object_repr": "УЗИ тазобедренных суставов у детей",
    "action_flag": 1,
    "change_message": "[{\"added\": {}}]"
  }
},
{
  "model": "admin.logentry",
  "pk": 65,
  "fields": {
    "action_time": "2024-10-05T04:43:36.032Z",
    "user": 1,
    "content_type": 11,
    "object_id": "18",
    "object_repr": "УЗИ почек и мочевого пузыря",
    "action_flag": 1,
    "change_message": "[{\"added\": {}}]"
  }
},
{
  "model": "admin.logentry",
  "pk": 66,
  "fields": {
    "action_time": "2024-10-05T04:44:08.379Z",
    "user": 1,
    "content_type": 11,
    "object_id": "2",
    "object_repr": "УЗИ органов брюшной полости (комплексное)",
    "action_flag": 3,
    "change_message": ""
  }
},
{
  "model": "admin.logentry",
  "pk": 67,
  "fields": {
    "action_time": "2024-10-05T04:44:08.388Z",
    "user": 1,
    "content_type": 11,
    "object_id": "1",
    "object_repr": "УЗИ молочных желез",
    "action_flag": 3,
    "change_message": ""
  }
},
{
  "model": "admin.logentry",
  "pk": 68,
  "fields": {
    "action_time": "2024-10-05T04:44:36.589Z",
    "user": 1,
    "content_type": 11,
    "object_id": "19",
    "object_repr": "УЗИ органов брюшной полости (комплексное)",
    "action_flag": 1,
    "change_message": "[{\"added\": {}}]"
  }
},
{
  "model": "admin.logentry",
  "pk": 69,
  "fields": {
    "action_time": "2024-10-05T04:45:06.350Z",
    "user": 1,
    "content_type": 11,
    "object_id": "20",
    "object_repr": "УЗИ органов малого таза у женщин (комплексное)",
    "action_flag": 1,
    "change_message": "[{\"added\": {}}]"
  }
},
{
  "model": "admin.logentry",
  "pk": 70,
  "fields": {
    "action_time": "2024-10-05T04:45:23.637Z",
    "user": 1,
    "content_type": 11,
    "object_id": "21",
    "object_repr": "Дуплексное сканирование экстракраниальных отделов брахиоцефальных артерий (УЗДГ БЦА)",
    "action_flag": 1,
    "change_message": "[{\"added\": {}}]"
  }
},
{
  "model": "admin.logentry",
  "pk": 71,
  "fields": {
    "action_time": "2024-10-05T04:46:09.999Z",
    "user": 1,
    "content_type": 11,
    "object_id": "22",
    "object_repr": "УЗИ органов брюшной полости с определением сократительной функции желчного пузыря у взрослых",
    "action_flag": 1,
    "change_message": "[{\"added\": {}}]"
  }
},
{
  "model": "admin.logentry",
  "pk": 72,
  "fields": {
    "action_time": "2024-10-05T04:46:24.824Z",
    "user": 1,
    "content_type": 11,
    "object_id": "23",
    "object_repr": "Нейросонография у детей",
    "action_flag": 1,
    "change_message": "[{\"added\": {}}]"
  }
},
{
  "model": "admin.logentry",
  "pk": 73,
  "fields": {
    "action_time": "2024-10-05T04:46:48.903Z",
    "user": 1,
    "content_type": 11,
    "object_id": "24",
    "object_repr": "УЗИ органов малого таза при беременности (до 12 недель)",
    "action_flag": 1,
    "change_message": "[{\"added\": {}}]"
  }
},
{
  "model": "admin.logentry",
  "pk": 74,
  "fields": {
    "action_time": "2024-10-05T04:47:10.700Z",
    "user": 1,
    "content_type": 11,
    "object_id": "25",
    "object_repr": "УЗИ щитовидной железы и лимфатических узлов шеи",
    "action_flag": 1,
    "change_message": "[{\"added\": {}}]"
  }
},
{
  "model": "admin.logentry",
  "pk": 75,
  "fields": {
    "action_time": "2024-10-05T04:47:35.640Z",
    "user": 1,
    "content_type": 11,
    "object_id": "26",
    "object_repr": "Дуплексное сканирование артерий верхних конечностей (правая или левая рука)",
    "action_flag": 1,
    "change_message": "[{\"added\": {}}]"
  }
},
{
  "model": "admin.logentry",
  "pk": 76,
  "fields": {
    "action_time": "2024-10-05T04:48:20.288Z",
    "user": 1,
    "content_type": 11,
    "object_id": "27",
    "object_repr": "УЗИ сустава - 1 зона: (коленный, локтевой, плечевой, лучезапястный)",
    "action_flag": 1,
    "change_message": "[{\"added\": {}}]"
  }
},
{
  "model": "admin.logentry",
  "pk": 77,
  "fields": {
    "action_time": "2024-10-05T04:48:49.597Z",
    "user": 1,
    "content_type": 11,
    "object_id": "28",
    "object_repr": "УЗИ органов брюшной полости с определением сократительной функции желчного пузыря у детей",
    "action_flag": 1,
    "change_message": "[{\"added\": {}}]"
  }
},
{
  "model": "admin.logentry",
  "pk": 78,
  "fields": {
    "action_time": "2024-10-05T04:49:05.059Z",
    "user": 1,
    "content_type": 11,
    "object_id": "29",
    "object_repr": "УЗИ периферических нервов (1 зона)",
    "action_flag": 1,
    "change_message": "[{\"added\": {}}]"
  }
},
{
  "model": "admin.logentry",
  "pk": 79,
  "fields": {
    "action_time": "2024-10-05T04:49:23.030Z",
    "user": 1,
    "content_type": 11,
    "object_id": "30",
    "object_repr": "Дуплексное сканирование аорты и ее висцеральных ветвей)",
    "action_flag": 1,
    "change_message": "[{\"added\": {}}]"
  }
},
{
  "model": "admin.logentry",
  "pk": 80,
  "fields": {
    "action_time": "2024-10-05T04:49:45.802Z",
    "user": 1,
    "content_type": 11,
    "object_id": "31",
    "object_repr": "Дуплексное сканирование вен нижних конечностей",
    "action_flag": 1,
    "change_message": "[{\"added\": {}}]"
  }
},
{
  "model": "admin.logentry",
  "pk": 81,
  "fields": {
    "action_time": "2024-10-05T04:50:13.673Z",
    "user": 1,
    "content_type": 11,
    "object_id": "32",
    "object_repr": "Дуплексное сканирование артерий нижних конечностей",
    "action_flag": 1,
    "change_message": "[{\"added\": {}}]"
  }
},
{
  "model": "admin.logentry",
  "pk": 82,
  "fields": {
    "action_time": "2024-10-05T04:50:50.882Z",
    "user": 1,
    "content_type": 11,
    "object_id": "33",
    "object_repr": "Дуплексное сканирование экстракраниальных отделов брахиоцефальных артерий (УЗДГ БЦА) у детей",
    "action_flag": 1,
    "change_message": "[{\"added\": {}}]"
  }
},
{
  "model": "admin.logentry",
  "pk": 83,
  "fields": {
    "action_time": "2024-10-05T04:51:11.182Z",
    "user": 1,
    "content_type": 11,
    "object_id": "34",
    "object_repr": "УЗИ предстательной железы, почек и мочевого пузыря с опр-ем ост. объема мочи (трансабдоминально)",
    "action_flag": 1,
    "change_message": "[{\"added\": {}}]"
  }
},
{
  "model": "admin.logentry",
  "pk": 84,
  "fields": {
    "action_time": "2024-10-05T04:51:33.397Z",
    "user": 1,
    "content_type": 11,
    "object_id": "35",
    "object_repr": "УЗИ предстательной железы, почек и мочевого пузыря с опр-ем ост. объема мочи (трансректально)",
    "action_flag": 1,
    "change_message": "[{\"added\": {}}]"
  }
},
{
  "model": "admin.logentry",
  "pk": 85,
  "fields": {
    "action_time": "2024-10-05T04:52:36.499Z",
    "user": 1,
    "content_type": 11,
    "object_id": "36",
    "object_repr": "УЗИ комплекс \"Женское здоровье\": щитовидной железы, молочных желез, органов МТ(трансабдом/трансвагинально)",
    "action_flag": 1,
    "change_message": "[{\"added\": {}}]"
  }
},
{
  "model": "admin.logentry",
  "pk": 86,
  "fields": {
    "action_time": "2024-10-05T04:53:32.583Z",
    "user": 1,
    "content_type": 9,
    "object_id": "33",
    "object_repr": "УЗИ комплекс \"Женское здоровье\": щитовидн железы, молочных желез, органов МТ(трансабдом/трансвагин)",
    "action_flag": 2,
    "change_message": "[{\"changed\": {\"fields\": [\"\\u041d\\u0430\\u0437\\u0432\\u0430\\u043d\\u0438\\u0435\"]}}]"
  }
},
{
  "model": "admin.logentry",
  "pk": 87,
  "fields": {
    "action_time": "2024-10-05T04:54:09.411Z",
    "user": 1,
    "content_type": 11,
    "object_id": "37",
    "object_repr": "УЗИ у детей в 1 мес (скрининг-комплекс \"Я родился\"):бр.полость, почки, нейросонография, тазоб.суст.)",
    "action_flag": 1,
    "change_message": "[{\"added\": {}}]"
  }
},
{
  "model": "admin.logentry",
  "pk": 88,
  "fields": {
    "action_time": "2024-10-05T04:54:27.640Z",
    "user": 1,
    "content_type": 11,
    "object_id": "38",
    "object_repr": "УЗИ артерий почек с дуплексным сканированием",
    "action_flag": 1,
    "change_message": "[{\"added\": {}}]"
  }
},
{
  "model": "admin.logentry",
  "pk": 89,
  "fields": {
    "action_time": "2024-10-05T04:55:25.378Z",
    "user": 1,
    "content_type": 11,
    "object_id": "39",
    "object_repr": "УЗИ мочеполовой системы (комплекс \"Мужское здоровье\"): почки, мочевой пузырь, предстательная железа",
    "action_flag": 1,
    "change_message": "[{\"added\": {}}]"
  }
},
{
  "model": "admin.logentry",
  "pk": 90,
  "fields": {
    "action_time": "2024-10-05T04:56:16.393Z",
    "user": 1,
    "content_type": 12,
    "object_id": "1",
    "object_repr": "Ангелина Топычканова - 83012660088",
    "action_flag": 2,
    "change_message": "[{\"changed\": {\"fields\": [\"\\u0423\\u0441\\u043b\\u0443\\u0433\\u0438\"]}}]"
  }
},
{
  "model": "admin.logentry",
  "pk": 91,
  "fields": {
    "action_time": "2024-10-05T04:56:28.880Z",
    "user": 1,
    "content_type": 12,
    "object_id": "2",
    "object_repr": "Здесь будет новый специалист - 83012660088",
    "action_flag": 2,
    "change_message": "[]"
  }
},
{
  "model": "admin.logentry",
  "pk": 92,
  "fields": {
    "action_time": "2024-10-05T04:56:54.009Z",
    "user": 1,
    "content_type": 10,
    "object_id": "3",
    "object_repr": "003",
    "action_flag": 1,
    "change_message": "[{\"added\": {}}]"
  }
},
{
  "model": "admin.logentry",
  "pk": 93,
  "fields": {
    "action_time": "2024-10-05T04:57:02.741Z",
    "user": 1,
    "content_type": 10,
    "object_id": "4",
    "object_repr": "004",
    "action_flag": 1,
    "change_message": "[{\"added\": {}}]"
  }
},
{
  "model": "admin.logentry",
  "pk": 94,
  "fields": {
    "action_time": "2024-10-05T04:57:11.503Z",
    "user": 1,
    "content_type": 10,
    "object_id": "5",
    "object_repr": "005",
    "action_flag": 1,
    "change_message": "[{\"added\": {}}]"
  }
},
{
  "model": "admin.logentry",
  "pk": 95,
  "fields": {
    "action_time": "2024-10-05T04:57:22.682Z",
    "user": 1,
    "content_type": 10,
    "object_id": "6",
    "object_repr": "006",
    "action_flag": 1,
    "change_message": "[{\"added\": {}}]"
  }
},
{
  "model": "admin.logentry",
  "pk": 96,
  "fields": {
    "action_time": "2024-10-05T04:57:31.536Z",
    "user": 1,
    "content_type": 10,
    "object_id": "7",
    "object_repr": "007",
    "action_flag": 1,
    "change_message": "[{\"added\": {}}]"
  }
},
{
  "model": "admin.logentry",
  "pk": 97,
  "fields": {
    "action_time": "2024-10-05T04:57:41.091Z",
    "user": 1,
    "content_type": 10,
    "object_id": "8",
    "object_repr": "008",
    "action_flag": 1,
    "change_message": "[{\"added\": {}}]"
  }
},
{
  "model": "admin.logentry",
  "pk": 98,
  "fields": {
    "action_time": "2024-10-05T04:57:50.110Z",
    "user": 1,
    "content_type": 10,
    "object_id": "9",
    "object_repr": "009",
    "action_flag": 1,
    "change_message": "[{\"added\": {}}]"
  }
},
{
  "model": "admin.logentry",
  "pk": 99,
  "fields": {
    "action_time": "2024-10-05T04:57:59.291Z",
    "user": 1,
    "content_type": 10,
    "object_id": "10",
    "object_repr": "010",
    "action_flag": 1,
    "change_message": "[{\"added\": {}}]"
  }
},
{
  "model": "admin.logentry",
  "pk": 100,
  "fields": {
    "action_time": "2024-10-05T04:58:09.063Z",
    "user": 1,
    "content_type": 10,
    "object_id": "11",
    "object_repr": "011",
    "action_flag": 1,
    "change_message": "[{\"added\": {}}]"
  }
},
{
  "model": "admin.logentry",
  "pk": 101,
  "fields": {
    "action_time": "2024-10-05T04:58:18.329Z",
    "user": 1,
    "content_type": 10,
    "object_id": "12",
    "object_repr": "012",
    "action_flag": 1,
    "change_message": "[{\"added\": {}}]"
  }
},
{
  "model": "admin.logentry",
  "pk": 102,
  "fields": {
    "action_time": "2024-10-05T04:58:27.983Z",
    "user": 1,
    "content_type": 10,
    "object_id": "13",
    "object_repr": "013",
    "action_flag": 1,
    "change_message": "[{\"added\": {}}]"
  }
},
{
  "model": "admin.logentry",
  "pk": 103,
  "fields": {
    "action_time": "2024-10-05T04:58:37.250Z",
    "user": 1,
    "content_type": 10,
    "object_id": "14",
    "object_repr": "014",
    "action_flag": 1,
    "change_message": "[{\"added\": {}}]"
  }
},
{
  "model": "admin.logentry",
  "pk": 104,
  "fields": {
    "action_time": "2024-10-05T04:58:46.199Z",
    "user": 1,
    "content_type": 10,
    "object_id": "15",
    "object_repr": "015",
    "action_flag": 1,
    "change_message": "[{\"added\": {}}]"
  }
},
{
  "model": "admin.logentry",
  "pk": 105,
  "fields": {
    "action_time": "2024-10-05T04:58:57.845Z",
    "user": 1,
    "content_type": 10,
    "object_id": "16",
    "object_repr": "016",
    "action_flag": 1,
    "change_message": "[{\"added\": {}}]"
  }
},
{
  "model": "admin.logentry",
  "pk": 106,
  "fields": {
    "action_time": "2024-10-05T04:59:10.734Z",
    "user": 1,
    "content_type": 10,
    "object_id": "17",
    "object_repr": "017",
    "action_flag": 1,
    "change_message": "[{\"added\": {}}]"
  }
},
{
  "model": "admin.logentry",
  "pk": 107,
  "fields": {
    "action_time": "2024-10-05T04:59:20.344Z",
    "user": 1,
    "content_type": 10,
    "object_id": "18",
    "object_repr": "018",
    "action_flag": 1,
    "change_message": "[{\"added\": {}}]"
  }
},
{
  "model": "admin.logentry",
  "pk": 108,
  "fields": {
    "action_time": "2024-10-05T04:59:28.540Z",
    "user": 1,
    "content_type": 10,
    "object_id": "19",
    "object_repr": "019",
    "action_flag": 1,
    "change_message": "[{\"added\": {}}]"
  }
},
{
  "model": "admin.logentry",
  "pk": 109,
  "fields": {
    "action_time": "2024-10-05T04:59:37.676Z",
    "user": 1,
    "content_type": 10,
    "object_id": "20",
    "object_repr": "020",
    "action_flag": 1,
    "change_message": "[{\"added\": {}}]"
  }
},
{
  "model": "admin.logentry",
  "pk": 110,
  "fields": {
    "action_time": "2024-10-05T04:59:48.137Z",
    "user": 1,
    "content_type": 10,
    "object_id": "21",
    "object_repr": "021",
    "action_flag": 1,
    "change_message": "[{\"added\": {}}]"
  }
},
{
  "model": "admin.logentry",
  "pk": 111,
  "fields": {
    "action_time": "2024-10-05T04:59:57.109Z",
    "user": 1,
    "content_type": 10,
    "object_id": "22",
    "object_repr": "022",
    "action_flag": 1,
    "change_message": "[{\"added\": {}}]"
  }
},
{
  "model": "admin.logentry",
  "pk": 112,
  "fields": {
    "action_time": "2024-10-05T05:00:09.346Z",
    "user": 1,
    "content_type": 10,
    "object_id": "23",
    "object_repr": "023",
    "action_flag": 1,
    "change_message": "[{\"added\": {}}]"
  }
},
{
  "model": "admin.logentry",
  "pk": 113,
  "fields": {
    "action_time": "2024-10-05T05:00:18.291Z",
    "user": 1,
    "content_type": 10,
    "object_id": "24",
    "object_repr": "024",
    "action_flag": 1,
    "change_message": "[{\"added\": {}}]"
  }
},
{
  "model": "admin.logentry",
  "pk": 114,
  "fields": {
    "action_time": "2024-10-05T05:00:27.124Z",
    "user": 1,
    "content_type": 10,
    "object_id": "25",
    "object_repr": "025",
    "action_flag": 1,
    "change_message": "[{\"added\": {}}]"
  }
},
{
  "model": "admin.logentry",
  "pk": 115,
  "fields": {
    "action_time": "2024-10-05T05:00:37.273Z",
    "user": 1,
    "content_type": 10,
    "object_id": "26",
    "object_repr": "026",
    "action_flag": 1,
    "change_message": "[{\"added\": {}}]"
  }
},
{
  "model": "admin.logentry",
  "pk": 116,
  "fields": {
    "action_time": "2024-10-05T05:00:47.303Z",
    "user": 1,
    "content_type": 10,
    "object_id": "27",
    "object_repr": "027",
    "action_flag": 1,
    "change_message": "[{\"added\": {}}]"
  }
},
{
  "model": "admin.logentry",
  "pk": 117,
  "fields": {
    "action_time": "2024-10-05T05:00:57.261Z",
    "user": 1,
    "content_type": 10,
    "object_id": "28",
    "object_repr": "028",
    "action_flag": 1,
    "change_message": "[{\"added\": {}}]"
  }
},
{
  "model": "admin.logentry",
  "pk": 118,
  "fields": {
    "action_time": "2024-10-05T05:01:06.165Z",
    "user": 1,
    "content_type": 10,
    "object_id": "29",
    "object_repr": "029",
    "action_flag": 1,
    "change_message": "[{\"added\": {}}]"
  }
},
{
  "model": "admin.logentry",
  "pk": 119,
  "fields": {
    "action_time": "2024-10-05T05:01:14.290Z",
    "user": 1,
    "content_type": 10,
    "object_id": "30",
    "object_repr": "030",
    "action_flag": 1,
    "change_message": "[{\"added\": {}}]"
  }
},
{
  "model": "admin.logentry",
  "pk": 120,
  "fields": {
    "action_time": "2024-10-05T05:01:23.115Z",
    "user": 1,
    "content_type": 10,
    "object_id": "31",
    "object_repr": "031",
    "action_flag": 1,
    "change_message": "[{\"added\": {}}]"
  }
},
{
  "model": "admin.logentry",
  "pk": 121,
  "fields": {
    "action_time": "2024-10-05T05:01:33.417Z",
    "user": 1,
    "content_type": 10,
    "object_id": "32",
    "object_repr": "032",
    "action_flag": 1,
    "change_message": "[{\"added\": {}}]"
  }
},
{
  "model": "admin.logentry",
  "pk": 122,
  "fields": {
    "action_time": "2024-10-05T05:01:40.815Z",
    "user": 1,
    "content_type": 10,
    "object_id": "33",
    "object_repr": "033",
    "action_flag": 1,
    "change_message": "[{\"added\": {}}]"
  }
},
{
  "model": "admin.logentry",
  "pk": 123,
  "fields": {
    "action_time": "2024-10-05T05:01:50.653Z",
    "user": 1,
    "content_type": 10,
    "object_id": "34",
    "object_repr": "034",
    "action_flag": 1,
    "change_message": "[{\"added\": {}}]"
  }
},
{
  "model": "admin.logentry",
  "pk": 124,
  "fields": {
    "action_time": "2024-10-05T05:01:58.647Z",
    "user": 1,
    "content_type": 10,
    "object_id": "35",
    "object_repr": "035",
    "action_flag": 1,
    "change_message": "[{\"added\": {}}]"
  }
},
{
  "model": "admin.logentry",
  "pk": 125,
  "fields": {
    "action_time": "2024-10-05T05:02:09.427Z",
    "user": 1,
    "content_type": 10,
    "object_id": "36",
    "object_repr": "036",
    "action_flag": 1,
    "change_message": "[{\"added\": {}}]"
  }
},
{
  "model": "admin.logentry",
  "pk": 126,
  "fields": {
    "action_time": "2024-10-06T07:17:38.790Z",
    "user": 1,
    "content_type": 12,
    "object_id": "1",
    "object_repr": "Ангелина Владимировна Топычканова - 83012660088",
    "action_flag": 2,
    "change_message": "[{\"changed\": {\"fields\": [\"\\u0418\\u043c\\u044f\"]}}]"
  }
},
{
  "model": "admin.logentry",
  "pk": 127,
  "fields": {
    "action_time": "2024-10-06T07:19:11.869Z",
    "user": 1,
    "content_type": 12,
    "object_id": "2",
    "object_repr": "новый специалист Здесь будет - 83012660088",
    "action_flag": 2,
    "change_message": "[{\"changed\": {\"fields\": [\"\\u0418\\u043c\\u044f\", \"\\u0424\\u0430\\u043c\\u0438\\u043b\\u0438\\u044f\"]}}]"
  }
},
{
  "model": "admin.logentry",
  "pk": 128,
  "fields": {
    "action_time": "2024-10-06T07:21:30.774Z",
    "user": 1,
    "content_type": 13,
    "object_id": "1",
    "object_repr": "Вова - 89991112233",
    "action_flag": 3,
    "change_message": ""
  }
},
{
  "model": "auth.permission",
  "pk": 1,
  "fields": {
    "name": "Can add log entry",
    "content_type": 1,
    "codename": "add_logentry"
  }
},
{
  "model": "auth.permission",
  "pk": 2,
  "fields": {
    "name": "Can change log entry",
    "content_type": 1,
    "codename": "change_logentry"
  }
},
{
  "model": "auth.permission",
  "pk": 3,
  "fields": {
    "name": "Can delete log entry",
    "content_type": 1,
    "codename": "delete_logentry"
  }
},
{
  "model": "auth.permission",
  "pk": 4,
  "fields": {
    "name": "Can view log entry",
    "content_type": 1,
    "codename": "view_logentry"
  }
},
{
  "model": "auth.permission",
  "pk": 5,
  "fields": {
    "name": "Can add permission",
    "content_type": 2,
    "codename": "add_permission"
  }
},
{
  "model": "auth.permission",
  "pk": 6,
  "fields": {
    "name": "Can change permission",
    "content_type": 2,
    "codename": "change_permission"
  }
},
{
  "model": "auth.permission",
  "pk": 7,
  "fields": {
    "name": "Can delete permission",
    "content_type": 2,
    "codename": "delete_permission"
  }
},
{
  "model": "auth.permission",
  "pk": 8,
  "fields": {
    "name": "Can view permission",
    "content_type": 2,
    "codename": "view_permission"
  }
},
{
  "model": "auth.permission",
  "pk": 9,
  "fields": {
    "name": "Can add group",
    "content_type": 3,
    "codename": "add_group"
  }
},
{
  "model": "auth.permission",
  "pk": 10,
  "fields": {
    "name": "Can change group",
    "content_type": 3,
    "codename": "change_group"
  }
},
{
  "model": "auth.permission",
  "pk": 11,
  "fields": {
    "name": "Can delete group",
    "content_type": 3,
    "codename": "delete_group"
  }
},
{
  "model": "auth.permission",
  "pk": 12,
  "fields": {
    "name": "Can view group",
    "content_type": 3,
    "codename": "view_group"
  }
},
{
  "model": "auth.permission",
  "pk": 13,
  "fields": {
    "name": "Can add user",
    "content_type": 4,
    "codename": "add_user"
  }
},
{
  "model": "auth.permission",
  "pk": 14,
  "fields": {
    "name": "Can change user",
    "content_type": 4,
    "codename": "change_user"
  }
},
{
  "model": "auth.permission",
  "pk": 15,
  "fields": {
    "name": "Can delete user",
    "content_type": 4,
    "codename": "delete_user"
  }
},
{
  "model": "auth.permission",
  "pk": 16,
  "fields": {
    "name": "Can view user",
    "content_type": 4,
    "codename": "view_user"
  }
},
{
  "model": "auth.permission",
  "pk": 17,
  "fields": {
    "name": "Can add content type",
    "content_type": 5,
    "codename": "add_contenttype"
  }
},
{
  "model": "auth.permission",
  "pk": 18,
  "fields": {
    "name": "Can change content type",
    "content_type": 5,
    "codename": "change_contenttype"
  }
},
{
  "model": "auth.permission",
  "pk": 19,
  "fields": {
    "name": "Can delete content type",
    "content_type": 5,
    "codename": "delete_contenttype"
  }
},
{
  "model": "auth.permission",
  "pk": 20,
  "fields": {
    "name": "Can view content type",
    "content_type": 5,
    "codename": "view_contenttype"
  }
},
{
  "model": "auth.permission",
  "pk": 21,
  "fields": {
    "name": "Can add session",
    "content_type": 6,
    "codename": "add_session"
  }
},
{
  "model": "auth.permission",
  "pk": 22,
  "fields": {
    "name": "Can change session",
    "content_type": 6,
    "codename": "change_session"
  }
},
{
  "model": "auth.permission",
  "pk": 23,
  "fields": {
    "name": "Can delete session",
    "content_type": 6,
    "codename": "delete_session"
  }
},
{
  "model": "auth.permission",
  "pk": 24,
  "fields": {
    "name": "Can view session",
    "content_type": 6,
    "codename": "view_session"
  }
},
{
  "model": "auth.permission",
  "pk": 25,
  "fields": {
    "name": "Can add Галерея",
    "content_type": 7,
    "codename": "add_gallery"
  }
},
{
  "model": "auth.permission",
  "pk": 26,
  "fields": {
    "name": "Can change Галерея",
    "content_type": 7,
    "codename": "change_gallery"
  }
},
{
  "model": "auth.permission",
  "pk": 27,
  "fields": {
    "name": "Can delete Галерея",
    "content_type": 7,
    "codename": "delete_gallery"
  }
},
{
  "model": "auth.permission",
  "pk": 28,
  "fields": {
    "name": "Can view Галерея",
    "content_type": 7,
    "codename": "view_gallery"
  }
},
{
  "model": "auth.permission",
  "pk": 29,
  "fields": {
    "name": "Can add Лицензия",
    "content_type": 8,
    "codename": "add_license"
  }
},
{
  "model": "auth.permission",
  "pk": 30,
  "fields": {
    "name": "Can change Лицензия",
    "content_type": 8,
    "codename": "change_license"
  }
},
{
  "model": "auth.permission",
  "pk": 31,
  "fields": {
    "name": "Can delete Лицензия",
    "content_type": 8,
    "codename": "delete_license"
  }
},
{
  "model": "auth.permission",
  "pk": 32,
  "fields": {
    "name": "Can view Лицензия",
    "content_type": 8,
    "codename": "view_license"
  }
},
{
  "model": "auth.permission",
  "pk": 33,
  "fields": {
    "name": "Can add Цена",
    "content_type": 9,
    "codename": "add_price"
  }
},
{
  "model": "auth.permission",
  "pk": 34,
  "fields": {
    "name": "Can change Цена",
    "content_type": 9,
    "codename": "change_price"
  }
},
{
  "model": "auth.permission",
  "pk": 35,
  "fields": {
    "name": "Can delete Цена",
    "content_type": 9,
    "codename": "delete_price"
  }
},
{
  "model": "auth.permission",
  "pk": 36,
  "fields": {
    "name": "Can view Цена",
    "content_type": 9,
    "codename": "view_price"
  }
},
{
  "model": "auth.permission",
  "pk": 37,
  "fields": {
    "name": "Can add Отзыв",
    "content_type": 10,
    "codename": "add_review"
  }
},
{
  "model": "auth.permission",
  "pk": 38,
  "fields": {
    "name": "Can change Отзыв",
    "content_type": 10,
    "codename": "change_review"
  }
},
{
  "model": "auth.permission",
  "pk": 39,
  "fields": {
    "name": "Can delete Отзыв",
    "content_type": 10,
    "codename": "delete_review"
  }
},
{
  "model": "auth.permission",
  "pk": 40,
  "fields": {
    "name": "Can view Отзыв",
    "content_type": 10,
    "codename": "view_review"
  }
},
{
  "model": "auth.permission",
  "pk": 41,
  "fields": {
    "name": "Can add Услуга",
    "content_type": 11,
    "codename": "add_service"
  }
},
{
  "model": "auth.permission",
  "pk": 42,
  "fields": {
    "name": "Can change Услуга",
    "content_type": 11,
    "codename": "change_service"
  }
},
{
  "model": "auth.permission",
  "pk": 43,
  "fields": {
    "name": "Can delete Услуга",
    "content_type": 11,
    "codename": "delete_service"
  }
},
{
  "model": "auth.permission",
  "pk": 44,
  "fields": {
    "name": "Can view Услуга",
    "content_type": 11,
    "codename": "view_service"
  }
},
{
  "model": "auth.permission",
  "pk": 45,
  "fields": {
    "name": "Can add Мастер",
    "content_type": 12,
    "codename": "add_master"
  }
},
{
  "model": "auth.permission",
  "pk": 46,
  "fields": {
    "name": "Can change Мастер",
    "content_type": 12,
    "codename": "change_master"
  }
},
{
  "model": "auth.permission",
  "pk": 47,
  "fields": {
    "name": "Can delete Мастер",
    "content_type": 12,
    "codename": "delete_master"
  }
},
{
  "model": "auth.permission",
  "pk": 48,
  "fields": {
    "name": "Can view Мастер",
    "content_type": 12,
    "codename": "view_master"
  }
},
{
  "model": "auth.permission",
  "pk": 49,
  "fields": {
    "name": "Can add Запись",
    "content_type": 13,
    "codename": "add_visit"
  }
},
{
  "model": "auth.permission",
  "pk": 50,
  "fields": {
    "name": "Can change Запись",
    "content_type": 13,
    "codename": "change_visit"
  }
},
{
  "model": "auth.permission",
  "pk": 51,
  "fields": {
    "name": "Can delete Запись",
    "content_type": 13,
    "codename": "delete_visit"
  }
},
{
  "model": "auth.permission",
  "pk": 52,
  "fields": {
    "name": "Can view Запись",
    "content_type": 13,
    "codename": "view_visit"
  }
},
{
  "model": "auth.user",
  "pk": 1,
  "fields": {
    "password": "pbkdf2_sha256$720000$dZzy9ciSboLz1TEiTaf8B8$Ysifa292I96k3dJahB3KZ5eFh4hl2vc+t/UUa49PzLI=",
    "last_login": "2024-10-03T12:50:56.587Z",
    "is_superuser": true,
    "username": "admin",
    "first_name": "",
    "last_name": "",
    "email": "admin@admin.ru",
    "is_staff": true,
    "is_active": true,
    "date_joined": "2024-10-03T12:50:28.541Z",
    "groups": [],
    "user_permissions": []
  }
},
{
  "model": "contenttypes.contenttype",
  "pk": 1,
  "fields": {
    "app_label": "admin",
    "model": "logentry"
  }
},
{
  "model": "contenttypes.contenttype",
  "pk": 2,
  "fields": {
    "app_label": "auth",
    "model": "permission"
  }
},
{
  "model": "contenttypes.contenttype",
  "pk": 3,
  "fields": {
    "app_label": "auth",
    "model": "group"
  }
},
{
  "model": "contenttypes.contenttype",
  "pk": 4,
  "fields": {
    "app_label": "auth",
    "model": "user"
  }
},
{
  "model": "contenttypes.contenttype",
  "pk": 5,
  "fields": {
    "app_label": "contenttypes",
    "model": "contenttype"
  }
},
{
  "model": "contenttypes.contenttype",
  "pk": 6,
  "fields": {
    "app_label": "sessions",
    "model": "session"
  }
},
{
  "model": "contenttypes.contenttype",
  "pk": 7,
  "fields": {
    "app_label": "cabinet",
    "model": "gallery"
  }
},
{
  "model": "contenttypes.contenttype",
  "pk": 8,
  "fields": {
    "app_label": "cabinet",
    "model": "license"
  }
},
{
  "model": "contenttypes.contenttype",
  "pk": 9,
  "fields": {
    "app_label": "cabinet",
    "model": "price"
  }
},
{
  "model": "contenttypes.contenttype",
  "pk": 10,
  "fields": {
    "app_label": "cabinet",
    "model": "review"
  }
},
{
  "model": "contenttypes.contenttype",
  "pk": 11,
  "fields": {
    "app_label": "cabinet",
    "model": "service"
  }
},
{
  "model": "contenttypes.contenttype",
  "pk": 12,
  "fields": {
    "app_label": "cabinet",
    "model": "master"
  }
},
{
  "model": "contenttypes.contenttype",
  "pk": 13,
  "fields": {
    "app_label": "cabinet",
    "model": "visit"
  }
},
{
  "model": "sessions.session",
  "pk": "7z8qna60xxkxqzq86xc0jv46f2vzw2vb",
  "fields": {
    "session_data": ".eJxVjDsOwjAQBe_iGln-JF6bkj5nsHb9wQFkS3FSIe5OIqWAdmbeezOP21r81tPi58iuTLLLLyMMz1QPER9Y742HVtdlJn4k_LSdTy2m1-1s_w4K9rKvyRIgZLJKwyilRptMBqetIy1zMiGCdcKoAQhGnaISKC0KPUiBOyH2-QLU0jdF:1swLIG:OHKNnVebVomJjdFCwrw1NYuNxE0vcpRFgNGCpGriZR8",
    "expire_date": "2024-10-17T12:50:56.602Z"
  }
},
{
  "model": "cabinet.master",
  "pk": 1,
  "fields": {
    "first_name": "Ангелина Владимировна",
    "last_name": "Топычканова",
    "phone": "83012660088",
    "address": "Улан-Удэ, Ленина, д.1, кв.1",
    "photo": "masters/photos/001_5CpzMi4.jpg",
    "services": [
      4,
      5,
      6,
      7,
      8,
      9,
      10,
      11,
      12,
      13,
      14,
      15,
      16,
      17,
      18,
      19,
      20,
      21,
      22,
      23,
      24,
      25,
      26,
      27,
      28,
      29,
      30,
      31,
      32,
      33,
      34,
      35,
      36,
      37,
      38,
      39
    ]
  }
},
{
  "model": "cabinet.master",
  "pk": 2,
  "fields": {
    "first_name": "новый специалист",
    "last_name": "Здесь будет",
    "phone": "83012660088",
    "address": "Улан-Удэ, Пугачева, д.10, кв.10",
    "photo": "masters/photos/Специалист_faOWzQN.jpg",
    "services": [
      3
    ]
  }
},
{
  "model": "cabinet.service",
  "pk": 3,
  "fields": {
    "name": "УЗИ чего-то",
    "description": "УЗИ чего-то",
    "price": "0.00"
  }
},
{
  "model": "cabinet.service",
  "pk": 4,
  "fields": {
    "name": "УЗИ щитовидной железы и паращитовидных желез",
    "description": "УЗИ щитовидной железы и паращитовидных желез",
    "price": "1000.00"
  }
},
{
  "model": "cabinet.service",
  "pk": 5,
  "fields": {
    "name": "УЗИ плевральной полости",
    "description": "УЗИ плевральной полости",
    "price": "600.00"
  }
},
{
  "model": "cabinet.service",
  "pk": 6,
  "fields": {
    "name": "УЗИ щитовидной железы и паращитовидных желез у детей",
    "description": "УЗИ щитовидной железы и паращитовидных желез у детей",
    "price": "800.00"
  }
},
{
  "model": "cabinet.service",
  "pk": 7,
  "fields": {
    "name": "УЗИ мочевого пузыря с определением остаточного объема мочи",
    "description": "УЗИ мочевого пузыря с определением остаточного объема мочи",
    "price": "1000.00"
  }
},
{
  "model": "cabinet.service",
  "pk": 8,
  "fields": {
    "name": "УЗИ слюнных желез (подъязычных, подчелюстных, околоушных)",
    "description": "УЗИ слюнных желез (подъязычных, подчелюстных, околоушных)",
    "price": "1400.00"
  }
},
{
  "model": "cabinet.service",
  "pk": 9,
  "fields": {
    "name": "УЗИ грудных желез (мужчины)",
    "description": "УЗИ грудных желез (мужчины)",
    "price": "1000.00"
  }
},
{
  "model": "cabinet.service",
  "pk": 10,
  "fields": {
    "name": "УЗИ мягких тканей (1 зона)",
    "description": "УЗИ мягких тканей (1 зона)",
    "price": "1000.00"
  }
},
{
  "model": "cabinet.service",
  "pk": 11,
  "fields": {
    "name": "УЗИ почек и надпочечников у детей",
    "description": "УЗИ почек и надпочечников у детей",
    "price": "1000.00"
  }
},
{
  "model": "cabinet.service",
  "pk": 12,
  "fields": {
    "name": "УЗИ почек и надпочечников",
    "description": "УЗИ почек и надпочечников",
    "price": "1200.00"
  }
},
{
  "model": "cabinet.service",
  "pk": 13,
  "fields": {
    "name": "УЗИ молочных желез",
    "description": "УЗИ молочных желез",
    "price": "1200.00"
  }
},
{
  "model": "cabinet.service",
  "pk": 14,
  "fields": {
    "name": "УЗИ мошонки",
    "description": "УЗИ мошонки",
    "price": "1000.00"
  }
},
{
  "model": "cabinet.service",
  "pk": 15,
  "fields": {
    "name": "УЗИ лимфатических узлов - 1 зона: (шейные, подмышечные, паховые, забрюшинные)",
    "description": "УЗИ лимфатических узлов - 1 зона: (шейные, подмышечные, паховые, забрюшинные)",
    "price": "1200.00"
  }
},
{
  "model": "cabinet.service",
  "pk": 16,
  "fields": {
    "name": "УЗИ органов брюшной полости и почек у детей",
    "description": "УЗИ органов брюшной полости и почек у детей",
    "price": "1200.00"
  }
},
{
  "model": "cabinet.service",
  "pk": 17,
  "fields": {
    "name": "УЗИ тазобедренных суставов у детей",
    "description": "1200",
    "price": "1200.00"
  }
},
{
  "model": "cabinet.service",
  "pk": 18,
  "fields": {
    "name": "УЗИ почек и мочевого пузыря",
    "description": "УЗИ почек и мочевого пузыря",
    "price": "1400.00"
  }
},
{
  "model": "cabinet.service",
  "pk": 19,
  "fields": {
    "name": "УЗИ органов брюшной полости (комплексное)",
    "description": "УЗИ органов брюшной полости (комплексное)",
    "price": "1500.00"
  }
},
{
  "model": "cabinet.service",
  "pk": 20,
  "fields": {
    "name": "УЗИ органов малого таза у женщин (комплексное)",
    "description": "УЗИ органов малого таза у женщин (комплексное)",
    "price": "1500.00"
  }
},
{
  "model": "cabinet.service",
  "pk": 21,
  "fields": {
    "name": "Дуплексное сканирование экстракраниальных отделов брахиоцефальных артерий (УЗДГ БЦА)",
    "description": "Дуплексное сканирование экстракраниальных отделов брахиоцефальных артерий (УЗДГ БЦА)",
    "price": "1500.00"
  }
},
{
  "model": "cabinet.service",
  "pk": 22,
  "fields": {
    "name": "УЗИ органов брюшной полости с определением сократительной функции желчного пузыря у взрослых",
    "description": "УЗИ органов брюшной полости с определением сократительной функции желчного пузыря у взрослых",
    "price": "1500.00"
  }
},
{
  "model": "cabinet.service",
  "pk": 23,
  "fields": {
    "name": "Нейросонография у детей",
    "description": "Нейросонография у детей",
    "price": "1500.00"
  }
},
{
  "model": "cabinet.service",
  "pk": 24,
  "fields": {
    "name": "УЗИ органов малого таза при беременности (до 12 недель)",
    "description": "УЗИ органов малого таза при беременности (до 12 недель)",
    "price": "1500.00"
  }
},
{
  "model": "cabinet.service",
  "pk": 25,
  "fields": {
    "name": "УЗИ щитовидной железы и лимфатических узлов шеи",
    "description": "УЗИ щитовидной железы и лимфатических узлов шеи",
    "price": "1600.00"
  }
},
{
  "model": "cabinet.service",
  "pk": 26,
  "fields": {
    "name": "Дуплексное сканирование артерий верхних конечностей (правая или левая рука)",
    "description": "Дуплексное сканирование артерий верхних конечностей (правая или левая рука)",
    "price": "1600.00"
  }
},
{
  "model": "cabinet.service",
  "pk": 27,
  "fields": {
    "name": "УЗИ сустава - 1 зона: (коленный, локтевой, плечевой, лучезапястный)",
    "description": "УЗИ сустава - 1 зона: (коленный, локтевой, плечевой, лучезапястный)",
    "price": "1800.00"
  }
},
{
  "model": "cabinet.service",
  "pk": 28,
  "fields": {
    "name": "УЗИ органов брюшной полости с определением сократительной функции желчного пузыря у детей",
    "description": "УЗИ органов брюшной полости с определением сократительной функции желчного пузыря у детей",
    "price": "1800.00"
  }
},
{
  "model": "cabinet.service",
  "pk": 29,
  "fields": {
    "name": "УЗИ периферических нервов (1 зона)",
    "description": "УЗИ периферических нервов (1 зона)",
    "price": "1800.00"
  }
},
{
  "model": "cabinet.service",
  "pk": 30,
  "fields": {
    "name": "Дуплексное сканирование аорты и ее висцеральных ветвей)",
    "description": "Дуплексное сканирование аорты и ее висцеральных ветвей)",
    "price": "1900.00"
  }
},
{
  "model": "cabinet.service",
  "pk": 31,
  "fields": {
    "name": "Дуплексное сканирование вен нижних конечностей",
    "description": "Дуплексное сканирование вен нижних конечностей",
    "price": "2000.00"
  }
},
{
  "model": "cabinet.service",
  "pk": 32,
  "fields": {
    "name": "Дуплексное сканирование артерий нижних конечностей",
    "description": "Дуплексное сканирование артерий нижних конечностей",
    "price": "2200.00"
  }
},
{
  "model": "cabinet.service",
  "pk": 33,
  "fields": {
    "name": "Дуплексное сканирование экстракраниальных отделов брахиоцефальных артерий (УЗДГ БЦА) у детей",
    "description": "Дуплексное сканирование экстракраниальных отделов брахиоцефальных артерий (УЗДГ БЦА) у детей",
    "price": "2200.00"
  }
},
{
  "model": "cabinet.service",
  "pk": 34,
  "fields": {
    "name": "УЗИ предстательной железы, почек и мочевого пузыря с опр-ем ост. объема мочи (трансабдоминально)",
    "description": "УЗИ предстательной железы, почек и мочевого пузыря с опр-ем ост. объема мочи (трансабдоминально)",
    "price": "2400.00"
  }
},
{
  "model": "cabinet.service",
  "pk": 35,
  "fields": {
    "name": "УЗИ предстательной железы, почек и мочевого пузыря с опр-ем ост. объема мочи (трансректально)",
    "description": "УЗИ предстательной железы, почек и мочевого пузыря с опр-ем ост. объема мочи (трансректально)",
    "price": "2500.00"
  }
},
{
  "model": "cabinet.service",
  "pk": 36,
  "fields": {
    "name": "УЗИ комплекс \"Женское здоровье\": щитовидной железы, молочных желез, органов МТ(трансабдом/трансвагинально)",
    "description": "УЗИ комплекс \"Женское здоровье\": щитовидной железы, молочных желез, органов МТ(трансабдом/трансвагинально)",
    "price": "3500.00"
  }
},
{
  "model": "cabinet.service",
  "pk": 37,
  "fields": {
    "name": "УЗИ у детей в 1 мес (скрининг-комплекс \"Я родился\"):бр.полость, почки, нейросонография, тазоб.суст.)",
    "description": "УЗИ у детей в 1 мес (скрининг-комплекс \"Я родился\"):бр.полость, почки, нейросонография, тазоб.суст.)",
    "price": "3000.00"
  }
},
{
  "model": "cabinet.service",
  "pk": 38,
  "fields": {
    "name": "УЗИ артерий почек с дуплексным сканированием",
    "description": "УЗИ артерий почек с дуплексным сканированием",
    "price": "3500.00"
  }
},
{
  "model": "cabinet.service",
  "pk": 39,
  "fields": {
    "name": "УЗИ мочеполовой системы (комплекс \"Мужское здоровье\"): почки, мочевой пузырь, предстательная железа",
    "description": "УЗИ мочеполовой системы (комплекс \"Мужское здоровье\"): почки, мочевой пузырь, предстательная железа (трансабдоминально, трансректально)",
    "price": "4900.00"
  }
},
{
  "model": "cabinet.license",
  "pk": 1,
  "fields": {
    "name": "01",
    "description": "01",
    "photo": "license/photos/Л1_JqDXrPK.jpg"
  }
},
{
  "model": "cabinet.license",
  "pk": 2,
  "fields": {
    "name": "02",
    "description": "02",
    "photo": "license/photos/Л2_6fIAqmw.jpg"
  }
},
{
  "model": "cabinet.gallery",
  "pk": 1,
  "fields": {
    "name": "снаружи",
    "description": "снаружи",
    "photo": "gallery/photos/Снаружи_986uTrH.jpg"
  }
},
{
  "model": "cabinet.gallery",
  "pk": 2,
  "fields": {
    "name": "внутри",
    "description": "внутри",
    "photo": "gallery/photos/Внутри_6RFX53Q.jpg"
  }
},
{
  "model": "cabinet.review",
  "pk": 1,
  "fields": {
    "name": "001",
    "description": "001",
    "photo": "review/photos/01_uAOuLsv.jpg"
  }
},
{
  "model": "cabinet.review",
  "pk": 2,
  "fields": {
    "name": "002",
    "description": "002",
    "photo": "review/photos/02.jpg"
  }
},
{
  "model": "cabinet.review",
  "pk": 3,
  "fields": {
    "name": "003",
    "description": "003",
    "photo": "review/photos/03.jpg"
  }
},
{
  "model": "cabinet.review",
  "pk": 4,
  "fields": {
    "name": "004",
    "description": "004",
    "photo": "review/photos/04.jpg"
  }
},
{
  "model": "cabinet.review",
  "pk": 5,
  "fields": {
    "name": "005",
    "description": "005",
    "photo": "review/photos/05.jpg"
  }
},
{
  "model": "cabinet.review",
  "pk": 6,
  "fields": {
    "name": "006",
    "description": "006",
    "photo": "review/photos/06.jpg"
  }
},
{
  "model": "cabinet.review",
  "pk": 7,
  "fields": {
    "name": "007",
    "description": "007",
    "photo": "review/photos/07.jpg"
  }
},
{
  "model": "cabinet.review",
  "pk": 8,
  "fields": {
    "name": "008",
    "description": "008",
    "photo": "review/photos/08.jpg"
  }
},
{
  "model": "cabinet.review",
  "pk": 9,
  "fields": {
    "name": "009",
    "description": "009",
    "photo": "review/photos/09.jpg"
  }
},
{
  "model": "cabinet.review",
  "pk": 10,
  "fields": {
    "name": "010",
    "description": "010",
    "photo": "review/photos/10.jpg"
  }
},
{
  "model": "cabinet.review",
  "pk": 11,
  "fields": {
    "name": "011",
    "description": "011",
    "photo": "review/photos/11.jpg"
  }
},
{
  "model": "cabinet.review",
  "pk": 12,
  "fields": {
    "name": "012",
    "description": "012",
    "photo": "review/photos/12.jpg"
  }
},
{
  "model": "cabinet.review",
  "pk": 13,
  "fields": {
    "name": "013",
    "description": "013",
    "photo": "review/photos/13.jpg"
  }
},
{
  "model": "cabinet.review",
  "pk": 14,
  "fields": {
    "name": "014",
    "description": "014",
    "photo": "review/photos/14.jpg"
  }
},
{
  "model": "cabinet.review",
  "pk": 15,
  "fields": {
    "name": "015",
    "description": "015",
    "photo": "review/photos/15.jpg"
  }
},
{
  "model": "cabinet.review",
  "pk": 16,
  "fields": {
    "name": "016",
    "description": "016",
    "photo": "review/photos/16.jpg"
  }
},
{
  "model": "cabinet.review",
  "pk": 17,
  "fields": {
    "name": "017",
    "description": "017",
    "photo": "review/photos/17.jpg"
  }
},
{
  "model": "cabinet.review",
  "pk": 18,
  "fields": {
    "name": "018",
    "description": "018",
    "photo": "review/photos/18.jpg"
  }
},
{
  "model": "cabinet.review",
  "pk": 19,
  "fields": {
    "name": "019",
    "description": "019",
    "photo": "review/photos/19.jpg"
  }
},
{
  "model": "cabinet.review",
  "pk": 20,
  "fields": {
    "name": "020",
    "description": "020",
    "photo": "review/photos/20.jpg"
  }
},
{
  "model": "cabinet.review",
  "pk": 21,
  "fields": {
    "name": "021",
    "description": "021",
    "photo": "review/photos/21.jpg"
  }
},
{
  "model": "cabinet.review",
  "pk": 22,
  "fields": {
    "name": "022",
    "description": "022",
    "photo": "review/photos/22.jpg"
  }
},
{
  "model": "cabinet.review",
  "pk": 23,
  "fields": {
    "name": "023",
    "description": "023",
    "photo": "review/photos/23.jpg"
  }
},
{
  "model": "cabinet.review",
  "pk": 24,
  "fields": {
    "name": "024",
    "description": "024",
    "photo": "review/photos/24.jpg"
  }
},
{
  "model": "cabinet.review",
  "pk": 25,
  "fields": {
    "name": "025",
    "description": "025",
    "photo": "review/photos/25.jpg"
  }
},
{
  "model": "cabinet.review",
  "pk": 26,
  "fields": {
    "name": "026",
    "description": "026",
    "photo": "review/photos/26.jpg"
  }
},
{
  "model": "cabinet.review",
  "pk": 27,
  "fields": {
    "name": "027",
    "description": "027",
    "photo": "review/photos/27.jpg"
  }
},
{
  "model": "cabinet.review",
  "pk": 28,
  "fields": {
    "name": "028",
    "description": "028",
    "photo": "review/photos/28.jpg"
  }
},
{
  "model": "cabinet.review",
  "pk": 29,
  "fields": {
    "name": "029",
    "description": "029",
    "photo": "review/photos/29.jpg"
  }
},
{
  "model": "cabinet.review",
  "pk": 30,
  "fields": {
    "name": "030",
    "description": "030",
    "photo": "review/photos/30.jpg"
  }
},
{
  "model": "cabinet.review",
  "pk": 31,
  "fields": {
    "name": "031",
    "description": "031",
    "photo": "review/photos/31.jpg"
  }
},
{
  "model": "cabinet.review",
  "pk": 32,
  "fields": {
    "name": "032",
    "description": "032",
    "photo": "review/photos/32.jpg"
  }
},
{
  "model": "cabinet.review",
  "pk": 33,
  "fields": {
    "name": "033",
    "description": "033",
    "photo": "review/photos/33.jpg"
  }
},
{
  "model": "cabinet.review",
  "pk": 34,
  "fields": {
    "name": "034",
    "description": "034",
    "photo": "review/photos/34.jpg"
  }
},
{
  "model": "cabinet.review",
  "pk": 35,
  "fields": {
    "name": "035",
    "description": "035",
    "photo": "review/photos/35.jpg"
  }
},
{
  "model": "cabinet.review",
  "pk": 36,
  "fields": {
    "name": "036",
    "description": "036",
    "photo": "review/photos/36.jpg"
  }
},
{
  "model": "cabinet.price",
  "pk": 1,
  "fields": {
    "name": "УЗИ плевральной полости",
    "price": 600
  }
},
{
  "model": "cabinet.price",
  "pk": 2,
  "fields": {
    "name": "УЗИ щитовидной железы и паращитовидных желез у детей",
    "price": 800
  }
},
{
  "model": "cabinet.price",
  "pk": 3,
  "fields": {
    "name": "УЗИ щитовидной железы и паращитовидных желез",
    "price": 1000
  }
},
{
  "model": "cabinet.price",
  "pk": 4,
  "fields": {
    "name": "УЗИ мочевого пузыря с определением остаточного объема мочи",
    "price": 1000
  }
},
{
  "model": "cabinet.price",
  "pk": 5,
  "fields": {
    "name": "УЗИ слюнных желез (подъязычных, подчелюстных, околоушных)",
    "price": 1400
  }
},
{
  "model": "cabinet.price",
  "pk": 6,
  "fields": {
    "name": "УЗИ грудных желез (мужчины)",
    "price": 1000
  }
},
{
  "model": "cabinet.price",
  "pk": 7,
  "fields": {
    "name": "УЗИ мягких тканей (1 зона)",
    "price": 1000
  }
},
{
  "model": "cabinet.price",
  "pk": 8,
  "fields": {
    "name": "УЗИ почек и надпочечников у детей",
    "price": 1000
  }
},
{
  "model": "cabinet.price",
  "pk": 9,
  "fields": {
    "name": "УЗИ почек и надпочечников",
    "price": 1200
  }
},
{
  "model": "cabinet.price",
  "pk": 10,
  "fields": {
    "name": "УЗИ молочных желез",
    "price": 1200
  }
},
{
  "model": "cabinet.price",
  "pk": 11,
  "fields": {
    "name": "УЗИ мошонки",
    "price": 1000
  }
},
{
  "model": "cabinet.price",
  "pk": 12,
  "fields": {
    "name": "УЗИ лимфатических узлов - 1 зона: (шейные, подмышечные, паховые, забрюшинные)",
    "price": 1200
  }
},
{
  "model": "cabinet.price",
  "pk": 13,
  "fields": {
    "name": "УЗИ органов брюшной полости и почек у детей",
    "price": 1200
  }
},
{
  "model": "cabinet.price",
  "pk": 14,
  "fields": {
    "name": "УЗИ тазобедренных суставов у детей",
    "price": 1200
  }
},
{
  "model": "cabinet.price",
  "pk": 15,
  "fields": {
    "name": "УЗИ почек и мочевого пузыря",
    "price": 1400
  }
},
{
  "model": "cabinet.price",
  "pk": 16,
  "fields": {
    "name": "УЗИ органов брюшной полости (комплексное)",
    "price": 1500
  }
},
{
  "model": "cabinet.price",
  "pk": 17,
  "fields": {
    "name": "УЗИ органов малого таза у женщин (комплексное)",
    "price": 1500
  }
},
{
  "model": "cabinet.price",
  "pk": 18,
  "fields": {
    "name": "Дуплексное сканирование экстракраниальных отделов брахиоцефальных артерий (УЗДГ БЦА)",
    "price": 1500
  }
},
{
  "model": "cabinet.price",
  "pk": 19,
  "fields": {
    "name": "УЗИ органов брюшной полости с определением сократительной функции желчного пузыря у взрослых",
    "price": 1500
  }
},
{
  "model": "cabinet.price",
  "pk": 20,
  "fields": {
    "name": "Нейросонография у детей",
    "price": 1500
  }
},
{
  "model": "cabinet.price",
  "pk": 21,
  "fields": {
    "name": "УЗИ органов малого таза при беременности (до 12 недель)",
    "price": 1500
  }
},
{
  "model": "cabinet.price",
  "pk": 22,
  "fields": {
    "name": "УЗИ щитовидной железы и лимфатических узлов шеи",
    "price": 1600
  }
},
{
  "model": "cabinet.price",
  "pk": 23,
  "fields": {
    "name": "Дуплексное сканирование артерий верхних конечностей (правая или левая рука)",
    "price": 1600
  }
},
{
  "model": "cabinet.price",
  "pk": 24,
  "fields": {
    "name": "УЗИ сустава - 1 зона: (коленный, локтевой, плечевой, лучезапястный)",
    "price": 1800
  }
},
{
  "model": "cabinet.price",
  "pk": 25,
  "fields": {
    "name": "УЗИ органов брюшной полости с определением сократительной функции желчного пузыря у детей",
    "price": 1800
  }
},
{
  "model": "cabinet.price",
  "pk": 26,
  "fields": {
    "name": "УЗИ периферических нервов (1 зона)",
    "price": 1800
  }
},
{
  "model": "cabinet.price",
  "pk": 27,
  "fields": {
    "name": "Дуплексное сканирование аорты и ее висцеральных ветвей)",
    "price": 1900
  }
},
{
  "model": "cabinet.price",
  "pk": 28,
  "fields": {
    "name": "Дуплексное сканирование вен нижних конечностей",
    "price": 2000
  }
},
{
  "model": "cabinet.price",
  "pk": 29,
  "fields": {
    "name": "Дуплексное сканирование артерий нижних конечностей",
    "price": 2200
  }
},
{
  "model": "cabinet.price",
  "pk": 30,
  "fields": {
    "name": "Дуплексное сканирование экстракраниальных отделов брахиоцефальных артерий (УЗДГ БЦА) у детей",
    "price": 2200
  }
},
{
  "model": "cabinet.price",
  "pk": 31,
  "fields": {
    "name": "УЗИ предстательной железы, почек и мочевого пузыря с опр-ем ост. объема мочи (трансабдоминально)",
    "price": 2400
  }
},
{
  "model": "cabinet.price",
  "pk": 32,
  "fields": {
    "name": "УЗИ предстательной железы, почек и мочевого пузыря с опр-ем ост. объема мочи (трансректально)",
    "price": 2500
  }
},
{
  "model": "cabinet.price",
  "pk": 33,
  "fields": {
    "name": "УЗИ комплекс \"Женское здоровье\": щитовидн железы, молочных желез, органов МТ(трансабдом/трансвагин)",
    "price": 3500
  }
},
{
  "model": "cabinet.price",
  "pk": 34,
  "fields": {
    "name": "УЗИ у детей в 1 мес (скрининг-комплекс \"Я родился\"):бр.полость, почки, нейросонография, тазоб.суст.)",
    "price": 3000
  }
},
{
  "model": "cabinet.price",
  "pk": 35,
  "fields": {
    "name": "УЗИ артерий почек с дуплексным сканированием",
    "price": 3500
  }
},
{
  "model": "cabinet.price",
  "pk": 36,
  "fields": {
    "name": "УЗИ мочеполовой системы (комплекс \"Мужское здоровье\"): почки, мочевой пузырь, предстательная железа",
    "price": 4900
  }
}
]
