[
{
  "model": "admin.logentry",
  "pk": 131,
  "fields": {
    "action_time": "2024-11-06T06:14:15.670Z",
    "user": 3,
    "content_type": 12,
    "object_id": "2",
    "object_repr": "новый специалист Здесь будет",
    "action_flag": 3,
    "change_message": ""
  }
},
{
  "model": "admin.logentry",
  "pk": 132,
  "fields": {
    "action_time": "2024-11-06T06:14:27.946Z",
    "user": 3,
    "content_type": 11,
    "object_id": "3",
    "object_repr": "УЗИ чего-то",
    "action_flag": 3,
    "change_message": ""
  }
},
{
  "model": "admin.logentry",
  "pk": 133,
  "fields": {
    "action_time": "2024-11-14T14:35:26.164Z",
    "user": 3,
    "content_type": 10,
    "object_id": "37",
    "object_repr": "037",
    "action_flag": 1,
    "change_message": "[{\"added\": {}}]"
  }
},
{
  "model": "admin.logentry",
  "pk": 134,
  "fields": {
    "action_time": "2024-11-14T14:36:12.276Z",
    "user": 3,
    "content_type": 10,
    "object_id": "38",
    "object_repr": "038",
    "action_flag": 1,
    "change_message": "[{\"added\": {}}]"
  }
},
{
  "model": "admin.logentry",
  "pk": 135,
  "fields": {
    "action_time": "2024-11-14T14:36:27.462Z",
    "user": 3,
    "content_type": 10,
    "object_id": "39",
    "object_repr": "039",
    "action_flag": 1,
    "change_message": "[{\"added\": {}}]"
  }
},
{
  "model": "admin.logentry",
  "pk": 136,
  "fields": {
    "action_time": "2024-11-14T14:36:41.685Z",
    "user": 3,
    "content_type": 10,
    "object_id": "40",
    "object_repr": "040",
    "action_flag": 1,
    "change_message": "[{\"added\": {}}]"
  }
},
{
  "model": "admin.logentry",
  "pk": 137,
  "fields": {
    "action_time": "2024-11-14T14:36:54.155Z",
    "user": 3,
    "content_type": 10,
    "object_id": "41",
    "object_repr": "041",
    "action_flag": 1,
    "change_message": "[{\"added\": {}}]"
  }
},
{
  "model": "admin.logentry",
  "pk": 138,
  "fields": {
    "action_time": "2024-11-14T14:37:04.711Z",
    "user": 3,
    "content_type": 10,
    "object_id": "42",
    "object_repr": "042",
    "action_flag": 1,
    "change_message": "[{\"added\": {}}]"
  }
},
{
  "model": "admin.logentry",
  "pk": 139,
  "fields": {
    "action_time": "2024-11-14T14:37:15.074Z",
    "user": 3,
    "content_type": 10,
    "object_id": "43",
    "object_repr": "043",
    "action_flag": 1,
    "change_message": "[{\"added\": {}}]"
  }
},
{
  "model": "admin.logentry",
  "pk": 140,
  "fields": {
    "action_time": "2024-11-14T14:39:12.214Z",
    "user": 3,
    "content_type": 10,
    "object_id": "43",
    "object_repr": "043",
    "action_flag": 3,
    "change_message": ""
  }
},
{
  "model": "admin.logentry",
  "pk": 141,
  "fields": {
    "action_time": "2024-11-14T14:39:12.224Z",
    "user": 3,
    "content_type": 10,
    "object_id": "42",
    "object_repr": "042",
    "action_flag": 3,
    "change_message": ""
  }
},
{
  "model": "admin.logentry",
  "pk": 142,
  "fields": {
    "action_time": "2024-11-14T14:39:26.225Z",
    "user": 3,
    "content_type": 10,
    "object_id": "44",
    "object_repr": "042",
    "action_flag": 1,
    "change_message": "[{\"added\": {}}]"
  }
},
{
  "model": "admin.logentry",
  "pk": 143,
  "fields": {
    "action_time": "2024-11-15T14:59:10.655Z",
    "user": 3,
    "content_type": 10,
    "object_id": "45",
    "object_repr": "043",
    "action_flag": 1,
    "change_message": "[{\"added\": {}}]"
  }
},
{
  "model": "auth.permission",
  "pk": 1,
  "fields": {
    "name": "Can add log entry",
    "content_type": 1,
    "codename": "add_logentry"
  }
},
{
  "model": "auth.permission",
  "pk": 2,
  "fields": {
    "name": "Can change log entry",
    "content_type": 1,
    "codename": "change_logentry"
  }
},
{
  "model": "auth.permission",
  "pk": 3,
  "fields": {
    "name": "Can delete log entry",
    "content_type": 1,
    "codename": "delete_logentry"
  }
},
{
  "model": "auth.permission",
  "pk": 4,
  "fields": {
    "name": "Can view log entry",
    "content_type": 1,
    "codename": "view_logentry"
  }
},
{
  "model": "auth.permission",
  "pk": 5,
  "fields": {
    "name": "Can add permission",
    "content_type": 2,
    "codename": "add_permission"
  }
},
{
  "model": "auth.permission",
  "pk": 6,
  "fields": {
    "name": "Can change permission",
    "content_type": 2,
    "codename": "change_permission"
  }
},
{
  "model": "auth.permission",
  "pk": 7,
  "fields": {
    "name": "Can delete permission",
    "content_type": 2,
    "codename": "delete_permission"
  }
},
{
  "model": "auth.permission",
  "pk": 8,
  "fields": {
    "name": "Can view permission",
    "content_type": 2,
    "codename": "view_permission"
  }
},
{
  "model": "auth.permission",
  "pk": 9,
  "fields": {
    "name": "Can add group",
    "content_type": 3,
    "codename": "add_group"
  }
},
{
  "model": "auth.permission",
  "pk": 10,
  "fields": {
    "name": "Can change group",
    "content_type": 3,
    "codename": "change_group"
  }
},
{
  "model": "auth.permission",
  "pk": 11,
  "fields": {
    "name": "Can delete group",
    "content_type": 3,
    "codename": "delete_group"
  }
},
{
  "model": "auth.permission",
  "pk": 12,
  "fields": {
    "name": "Can view group",
    "content_type": 3,
    "codename": "view_group"
  }
},
{
  "model": "auth.permission",
  "pk": 13,
  "fields": {
    "name": "Can add user",
    "content_type": 4,
    "codename": "add_user"
  }
},
{
  "model": "auth.permission",
  "pk": 14,
  "fields": {
    "name": "Can change user",
    "content_type": 4,
    "codename": "change_user"
  }
},
{
  "model": "auth.permission",
  "pk": 15,
  "fields": {
    "name": "Can delete user",
    "content_type": 4,
    "codename": "delete_user"
  }
},
{
  "model": "auth.permission",
  "pk": 16,
  "fields": {
    "name": "Can view user",
    "content_type": 4,
    "codename": "view_user"
  }
},
{
  "model": "auth.permission",
  "pk": 17,
  "fields": {
    "name": "Can add content type",
    "content_type": 5,
    "codename": "add_contenttype"
  }
},
{
  "model": "auth.permission",
  "pk": 18,
  "fields": {
    "name": "Can change content type",
    "content_type": 5,
    "codename": "change_contenttype"
  }
},
{
  "model": "auth.permission",
  "pk": 19,
  "fields": {
    "name": "Can delete content type",
    "content_type": 5,
    "codename": "delete_contenttype"
  }
},
{
  "model": "auth.permission",
  "pk": 20,
  "fields": {
    "name": "Can view content type",
    "content_type": 5,
    "codename": "view_contenttype"
  }
},
{
  "model": "auth.permission",
  "pk": 21,
  "fields": {
    "name": "Can add session",
    "content_type": 6,
    "codename": "add_session"
  }
},
{
  "model": "auth.permission",
  "pk": 22,
  "fields": {
    "name": "Can change session",
    "content_type": 6,
    "codename": "change_session"
  }
},
{
  "model": "auth.permission",
  "pk": 23,
  "fields": {
    "name": "Can delete session",
    "content_type": 6,
    "codename": "delete_session"
  }
},
{
  "model": "auth.permission",
  "pk": 24,
  "fields": {
    "name": "Can view session",
    "content_type": 6,
    "codename": "view_session"
  }
},
{
  "model": "auth.permission",
  "pk": 25,
  "fields": {
    "name": "Can add Галерея",
    "content_type": 7,
    "codename": "add_gallery"
  }
},
{
  "model": "auth.permission",
  "pk": 26,
  "fields": {
    "name": "Can change Галерея",
    "content_type": 7,
    "codename": "change_gallery"
  }
},
{
  "model": "auth.permission",
  "pk": 27,
  "fields": {
    "name": "Can delete Галерея",
    "content_type": 7,
    "codename": "delete_gallery"
  }
},
{
  "model": "auth.permission",
  "pk": 28,
  "fields": {
    "name": "Can view Галерея",
    "content_type": 7,
    "codename": "view_gallery"
  }
},
{
  "model": "auth.permission",
  "pk": 29,
  "fields": {
    "name": "Can add Лицензия",
    "content_type": 8,
    "codename": "add_license"
  }
},
{
  "model": "auth.permission",
  "pk": 30,
  "fields": {
    "name": "Can change Лицензия",
    "content_type": 8,
    "codename": "change_license"
  }
},
{
  "model": "auth.permission",
  "pk": 31,
  "fields": {
    "name": "Can delete Лицензия",
    "content_type": 8,
    "codename": "delete_license"
  }
},
{
  "model": "auth.permission",
  "pk": 32,
  "fields": {
    "name": "Can view Лицензия",
    "content_type": 8,
    "codename": "view_license"
  }
},
{
  "model": "auth.permission",
  "pk": 33,
  "fields": {
    "name": "Can add Цена",
    "content_type": 9,
    "codename": "add_price"
  }
},
{
  "model": "auth.permission",
  "pk": 34,
  "fields": {
    "name": "Can change Цена",
    "content_type": 9,
    "codename": "change_price"
  }
},
{
  "model": "auth.permission",
  "pk": 35,
  "fields": {
    "name": "Can delete Цена",
    "content_type": 9,
    "codename": "delete_price"
  }
},
{
  "model": "auth.permission",
  "pk": 36,
  "fields": {
    "name": "Can view Цена",
    "content_type": 9,
    "codename": "view_price"
  }
},
{
  "model": "auth.permission",
  "pk": 37,
  "fields": {
    "name": "Can add Отзыв",
    "content_type": 10,
    "codename": "add_review"
  }
},
{
  "model": "auth.permission",
  "pk": 38,
  "fields": {
    "name": "Can change Отзыв",
    "content_type": 10,
    "codename": "change_review"
  }
},
{
  "model": "auth.permission",
  "pk": 39,
  "fields": {
    "name": "Can delete Отзыв",
    "content_type": 10,
    "codename": "delete_review"
  }
},
{
  "model": "auth.permission",
  "pk": 40,
  "fields": {
    "name": "Can view Отзыв",
    "content_type": 10,
    "codename": "view_review"
  }
},
{
  "model": "auth.permission",
  "pk": 41,
  "fields": {
    "name": "Can add Услуга",
    "content_type": 11,
    "codename": "add_service"
  }
},
{
  "model": "auth.permission",
  "pk": 42,
  "fields": {
    "name": "Can change Услуга",
    "content_type": 11,
    "codename": "change_service"
  }
},
{
  "model": "auth.permission",
  "pk": 43,
  "fields": {
    "name": "Can delete Услуга",
    "content_type": 11,
    "codename": "delete_service"
  }
},
{
  "model": "auth.permission",
  "pk": 44,
  "fields": {
    "name": "Can view Услуга",
    "content_type": 11,
    "codename": "view_service"
  }
},
{
  "model": "auth.permission",
  "pk": 45,
  "fields": {
    "name": "Can add Мастер",
    "content_type": 12,
    "codename": "add_master"
  }
},
{
  "model": "auth.permission",
  "pk": 46,
  "fields": {
    "name": "Can change Мастер",
    "content_type": 12,
    "codename": "change_master"
  }
},
{
  "model": "auth.permission",
  "pk": 47,
  "fields": {
    "name": "Can delete Мастер",
    "content_type": 12,
    "codename": "delete_master"
  }
},
{
  "model": "auth.permission",
  "pk": 48,
  "fields": {
    "name": "Can view Мастер",
    "content_type": 12,
    "codename": "view_master"
  }
},
{
  "model": "auth.permission",
  "pk": 49,
  "fields": {
    "name": "Can add Запись",
    "content_type": 13,
    "codename": "add_visit"
  }
},
{
  "model": "auth.permission",
  "pk": 50,
  "fields": {
    "name": "Can change Запись",
    "content_type": 13,
    "codename": "change_visit"
  }
},
{
  "model": "auth.permission",
  "pk": 51,
  "fields": {
    "name": "Can delete Запись",
    "content_type": 13,
    "codename": "delete_visit"
  }
},
{
  "model": "auth.permission",
  "pk": 52,
  "fields": {
    "name": "Can view Запись",
    "content_type": 13,
    "codename": "view_visit"
  }
},
{
  "model": "auth.permission",
  "pk": 53,
  "fields": {
    "name": "Can add site visitor",
    "content_type": 14,
    "codename": "add_sitevisitor"
  }
},
{
  "model": "auth.permission",
  "pk": 54,
  "fields": {
    "name": "Can change site visitor",
    "content_type": 14,
    "codename": "change_sitevisitor"
  }
},
{
  "model": "auth.permission",
  "pk": 55,
  "fields": {
    "name": "Can delete site visitor",
    "content_type": 14,
    "codename": "delete_sitevisitor"
  }
},
{
  "model": "auth.permission",
  "pk": 56,
  "fields": {
    "name": "Can view site visitor",
    "content_type": 14,
    "codename": "view_sitevisitor"
  }
},
{
  "model": "auth.user",
  "pk": 3,
  "fields": {
    "password": "pbkdf2_sha256$720000$E0rfD4cM5KK35jiOwkBWa9$dLN8bFyKVpUjq368M/lkqjd/GxKfvMWf/ZM+VMj6VX8=",
    "last_login": "2024-11-14T14:34:16.267Z",
    "is_superuser": true,
    "username": "admin2",
    "first_name": "",
    "last_name": "",
    "email": "admin2@admin2.ru",
    "is_staff": true,
    "is_active": true,
    "date_joined": "2024-10-20T12:02:36.198Z",
    "groups": [],
    "user_permissions": []
  }
},
{
  "model": "contenttypes.contenttype",
  "pk": 1,
  "fields": {
    "app_label": "admin",
    "model": "logentry"
  }
},
{
  "model": "contenttypes.contenttype",
  "pk": 2,
  "fields": {
    "app_label": "auth",
    "model": "permission"
  }
},
{
  "model": "contenttypes.contenttype",
  "pk": 3,
  "fields": {
    "app_label": "auth",
    "model": "group"
  }
},
{
  "model": "contenttypes.contenttype",
  "pk": 4,
  "fields": {
    "app_label": "auth",
    "model": "user"
  }
},
{
  "model": "contenttypes.contenttype",
  "pk": 5,
  "fields": {
    "app_label": "contenttypes",
    "model": "contenttype"
  }
},
{
  "model": "contenttypes.contenttype",
  "pk": 6,
  "fields": {
    "app_label": "sessions",
    "model": "session"
  }
},
{
  "model": "contenttypes.contenttype",
  "pk": 7,
  "fields": {
    "app_label": "cabinet",
    "model": "gallery"
  }
},
{
  "model": "contenttypes.contenttype",
  "pk": 8,
  "fields": {
    "app_label": "cabinet",
    "model": "license"
  }
},
{
  "model": "contenttypes.contenttype",
  "pk": 9,
  "fields": {
    "app_label": "cabinet",
    "model": "price"
  }
},
{
  "model": "contenttypes.contenttype",
  "pk": 10,
  "fields": {
    "app_label": "cabinet",
    "model": "review"
  }
},
{
  "model": "contenttypes.contenttype",
  "pk": 11,
  "fields": {
    "app_label": "cabinet",
    "model": "service"
  }
},
{
  "model": "contenttypes.contenttype",
  "pk": 12,
  "fields": {
    "app_label": "cabinet",
    "model": "master"
  }
},
{
  "model": "contenttypes.contenttype",
  "pk": 13,
  "fields": {
    "app_label": "cabinet",
    "model": "visit"
  }
},
{
  "model": "contenttypes.contenttype",
  "pk": 14,
  "fields": {
    "app_label": "cabinet",
    "model": "sitevisitor"
  }
},
{
  "model": "sessions.session",
  "pk": "5i0j2uuu2rr3rizmjc1wm5c8g3gwmkfz",
  "fields": {
    "session_data": "e30:1tMdK8:WCQAZ27i1rp5oJzO78lj3HW9Z1WGPGO17eOgCpNct30",
    "expire_date": "2024-12-29T01:21:32.139Z"
  }
},
{
  "model": "sessions.session",
  "pk": "5mnzaxfyy53wx589an2r2xq5pw2aibvy",
  "fields": {
    "session_data": ".eJxVjMsOwiAQAP-FsyG8um09eu83kN0FpGogKe3J-O-GpAe9zkzmLTwee_ZHi5tfg7gKKy6_jJCfsXQRHljuVXIt-7aS7Ik8bZNLDfF1O9u_QcaW-zYmpwxQ0qQCODuQish2DMBuAHCY5sQadEKAyBMpa1QwM08OHGk7is8X7Hw3xQ:1tBavI:-X9zIgDFnV8oeGMPX7reG9xH2qt9Cr_IxDhA2Ns1VxY",
    "expire_date": "2024-11-28T14:34:16.273Z"
  }
},
{
  "model": "sessions.session",
  "pk": "6tjflsw5lq0w9dz1lbneem9715ccjmb5",
  "fields": {
    "session_data": "e30:1t8JoY:LWWJL76oXcbtzFn0G-tbDEI32GnGotrch9IM9v80pGk",
    "expire_date": "2024-11-19T13:41:46.813Z"
  }
},
{
  "model": "sessions.session",
  "pk": "87nba40h1fhxgdeyp0r0p9wqqntc4p20",
  "fields": {
    "session_data": "e30:1t32FG:y5MElC_TTeGvYDLC4xM6qbiP4uf_7DLaNrzVMtZNWmg",
    "expire_date": "2024-11-04T23:55:30.280Z"
  }
},
{
  "model": "sessions.session",
  "pk": "dpdsk6eezzszj3hdgjdsmwxdh6vp7kbz",
  "fields": {
    "session_data": "e30:1t32Gs:KYfeworQw2eak9oChsXvDqoPzXWGAlDsm1Wy9JJKSk0",
    "expire_date": "2024-11-04T23:57:10.968Z"
  }
},
{
  "model": "sessions.session",
  "pk": "nkn7y2tuqvf9pjo3l4nxoii868lra4rj",
  "fields": {
    "session_data": ".eJxVjMsOwiAQAP-FsyG8um09eu83kN0FpGogKe3J-O-GpAe9zkzmLTwee_ZHi5tfg7gKKy6_jJCfsXQRHljuVXIt-7aS7Ik8bZNLDfF1O9u_QcaW-zYmpwxQ0qQCODuQish2DMBuAHCY5sQadEKAyBMpa1QwM08OHGk7is8X7Hw3xQ:1t7WyG:JrwGA7Evdc7NrjbAHI_0luNGUKcD5kCpGJ7f8HDenS4",
    "expire_date": "2024-11-17T09:32:32.590Z"
  }
},
{
  "model": "sessions.session",
  "pk": "pltj84ji0vjpy4mens2kmqyenkhu5601",
  "fields": {
    "session_data": "e30:1t32FH:ik3O_ElaAwAfSVTDokYuO4kLnUOMxL882oeMyqH08KI",
    "expire_date": "2024-11-04T23:55:31.004Z"
  }
},
{
  "model": "cabinet.master",
  "pk": 1,
  "fields": {
    "first_name": "Ангелина Владимировна",
    "last_name": "Топычканова",
    "phone": "83012660088",
    "address": "Улан-Удэ, Ленина, д.1, кв.1",
    "photo": "masters/photos/0001.jpg",
    "services": [
      4,
      5,
      6,
      7,
      8,
      9,
      10,
      11,
      12,
      13,
      14,
      15,
      16,
      17,
      18,
      19,
      20,
      21,
      22,
      23,
      24,
      25,
      26,
      27,
      28,
      29,
      30,
      31,
      32,
      33,
      34,
      35,
      36,
      37,
      38,
      39
    ]
  }
},
{
  "model": "cabinet.service",
  "pk": 4,
  "fields": {
    "name": "УЗИ щитовидной железы и паращитовидных желез",
    "description": "УЗИ щитовидной железы и паращитовидных желез",
    "price": "1000.00"
  }
},
{
  "model": "cabinet.service",
  "pk": 5,
  "fields": {
    "name": "УЗИ плевральной полости",
    "description": "УЗИ плевральной полости",
    "price": "600.00"
  }
},
{
  "model": "cabinet.service",
  "pk": 6,
  "fields": {
    "name": "УЗИ щитовидной железы и паращитовидных желез у детей",
    "description": "УЗИ щитовидной железы и паращитовидных желез у детей",
    "price": "800.00"
  }
},
{
  "model": "cabinet.service",
  "pk": 7,
  "fields": {
    "name": "УЗИ мочевого пузыря с определением остаточного объема мочи",
    "description": "УЗИ мочевого пузыря с определением остаточного объема мочи",
    "price": "1000.00"
  }
},
{
  "model": "cabinet.service",
  "pk": 8,
  "fields": {
    "name": "УЗИ слюнных желез (подъязычных, подчелюстных, околоушных)",
    "description": "УЗИ слюнных желез (подъязычных, подчелюстных, околоушных)",
    "price": "1400.00"
  }
},
{
  "model": "cabinet.service",
  "pk": 9,
  "fields": {
    "name": "УЗИ грудных желез (мужчины)",
    "description": "УЗИ грудных желез (мужчины)",
    "price": "1000.00"
  }
},
{
  "model": "cabinet.service",
  "pk": 10,
  "fields": {
    "name": "УЗИ мягких тканей (1 зона)",
    "description": "УЗИ мягких тканей (1 зона)",
    "price": "1000.00"
  }
},
{
  "model": "cabinet.service",
  "pk": 11,
  "fields": {
    "name": "УЗИ почек и надпочечников у детей",
    "description": "УЗИ почек и надпочечников у детей",
    "price": "1000.00"
  }
},
{
  "model": "cabinet.service",
  "pk": 12,
  "fields": {
    "name": "УЗИ почек и надпочечников",
    "description": "УЗИ почек и надпочечников",
    "price": "1200.00"
  }
},
{
  "model": "cabinet.service",
  "pk": 13,
  "fields": {
    "name": "УЗИ молочных желез",
    "description": "УЗИ молочных желез",
    "price": "1200.00"
  }
},
{
  "model": "cabinet.service",
  "pk": 14,
  "fields": {
    "name": "УЗИ мошонки",
    "description": "УЗИ мошонки",
    "price": "1000.00"
  }
},
{
  "model": "cabinet.service",
  "pk": 15,
  "fields": {
    "name": "УЗИ лимфатических узлов - 1 зона: (шейные, подмышечные, паховые, забрюшинные)",
    "description": "УЗИ лимфатических узлов - 1 зона: (шейные, подмышечные, паховые, забрюшинные)",
    "price": "1200.00"
  }
},
{
  "model": "cabinet.service",
  "pk": 16,
  "fields": {
    "name": "УЗИ органов брюшной полости и почек у детей",
    "description": "УЗИ органов брюшной полости и почек у детей",
    "price": "1200.00"
  }
},
{
  "model": "cabinet.service",
  "pk": 17,
  "fields": {
    "name": "УЗИ тазобедренных суставов у детей",
    "description": "1200",
    "price": "1200.00"
  }
},
{
  "model": "cabinet.service",
  "pk": 18,
  "fields": {
    "name": "УЗИ почек и мочевого пузыря",
    "description": "УЗИ почек и мочевого пузыря",
    "price": "1400.00"
  }
},
{
  "model": "cabinet.service",
  "pk": 19,
  "fields": {
    "name": "УЗИ органов брюшной полости (комплексное)",
    "description": "УЗИ органов брюшной полости (комплексное)",
    "price": "1500.00"
  }
},
{
  "model": "cabinet.service",
  "pk": 20,
  "fields": {
    "name": "УЗИ органов малого таза у женщин (комплексное)",
    "description": "УЗИ органов малого таза у женщин (комплексное)",
    "price": "1500.00"
  }
},
{
  "model": "cabinet.service",
  "pk": 21,
  "fields": {
    "name": "Дуплексное сканирование экстракраниальных отделов брахиоцефальных артерий (УЗДГ БЦА)",
    "description": "Дуплексное сканирование экстракраниальных отделов брахиоцефальных артерий (УЗДГ БЦА)",
    "price": "1500.00"
  }
},
{
  "model": "cabinet.service",
  "pk": 22,
  "fields": {
    "name": "УЗИ органов брюшной полости с определением сократительной функции желчного пузыря у взрослых",
    "description": "УЗИ органов брюшной полости с определением сократительной функции желчного пузыря у взрослых",
    "price": "1500.00"
  }
},
{
  "model": "cabinet.service",
  "pk": 23,
  "fields": {
    "name": "Нейросонография у детей",
    "description": "Нейросонография у детей",
    "price": "1500.00"
  }
},
{
  "model": "cabinet.service",
  "pk": 24,
  "fields": {
    "name": "УЗИ органов малого таза при беременности (до 12 недель)",
    "description": "УЗИ органов малого таза при беременности (до 12 недель)",
    "price": "1500.00"
  }
},
{
  "model": "cabinet.service",
  "pk": 25,
  "fields": {
    "name": "УЗИ щитовидной железы и лимфатических узлов шеи",
    "description": "УЗИ щитовидной железы и лимфатических узлов шеи",
    "price": "1600.00"
  }
},
{
  "model": "cabinet.service",
  "pk": 26,
  "fields": {
    "name": "Дуплексное сканирование артерий верхних конечностей (правая или левая рука)",
    "description": "Дуплексное сканирование артерий верхних конечностей (правая или левая рука)",
    "price": "1600.00"
  }
},
{
  "model": "cabinet.service",
  "pk": 27,
  "fields": {
    "name": "УЗИ сустава - 1 зона: (коленный, локтевой, плечевой, лучезапястный)",
    "description": "УЗИ сустава - 1 зона: (коленный, локтевой, плечевой, лучезапястный)",
    "price": "1800.00"
  }
},
{
  "model": "cabinet.service",
  "pk": 28,
  "fields": {
    "name": "УЗИ органов брюшной полости с определением сократительной функции желчного пузыря у детей",
    "description": "УЗИ органов брюшной полости с определением сократительной функции желчного пузыря у детей",
    "price": "1800.00"
  }
},
{
  "model": "cabinet.service",
  "pk": 29,
  "fields": {
    "name": "УЗИ периферических нервов (1 зона)",
    "description": "УЗИ периферических нервов (1 зона)",
    "price": "1800.00"
  }
},
{
  "model": "cabinet.service",
  "pk": 30,
  "fields": {
    "name": "Дуплексное сканирование аорты и ее висцеральных ветвей)",
    "description": "Дуплексное сканирование аорты и ее висцеральных ветвей)",
    "price": "1900.00"
  }
},
{
  "model": "cabinet.service",
  "pk": 31,
  "fields": {
    "name": "Дуплексное сканирование вен нижних конечностей",
    "description": "Дуплексное сканирование вен нижних конечностей",
    "price": "2000.00"
  }
},
{
  "model": "cabinet.service",
  "pk": 32,
  "fields": {
    "name": "Дуплексное сканирование артерий нижних конечностей",
    "description": "Дуплексное сканирование артерий нижних конечностей",
    "price": "2200.00"
  }
},
{
  "model": "cabinet.service",
  "pk": 33,
  "fields": {
    "name": "Дуплексное сканирование экстракраниальных отделов брахиоцефальных артерий (УЗДГ БЦА) у детей",
    "description": "Дуплексное сканирование экстракраниальных отделов брахиоцефальных артерий (УЗДГ БЦА) у детей",
    "price": "2200.00"
  }
},
{
  "model": "cabinet.service",
  "pk": 34,
  "fields": {
    "name": "УЗИ предстательной железы, почек и мочевого пузыря с опр-ем ост. объема мочи (трансабдоминально)",
    "description": "УЗИ предстательной железы, почек и мочевого пузыря с опр-ем ост. объема мочи (трансабдоминально)",
    "price": "2400.00"
  }
},
{
  "model": "cabinet.service",
  "pk": 35,
  "fields": {
    "name": "УЗИ предстательной железы, почек и мочевого пузыря с опр-ем ост. объема мочи (трансректально)",
    "description": "УЗИ предстательной железы, почек и мочевого пузыря с опр-ем ост. объема мочи (трансректально)",
    "price": "2500.00"
  }
},
{
  "model": "cabinet.service",
  "pk": 36,
  "fields": {
    "name": "УЗИ комплекс \"Женское здоровье\": щитовидной железы, молочных желез, органов МТ(трансабдом/трансвагинально)",
    "description": "УЗИ комплекс \"Женское здоровье\": щитовидной железы, молочных желез, органов МТ(трансабдом/трансвагинально)",
    "price": "3500.00"
  }
},
{
  "model": "cabinet.service",
  "pk": 37,
  "fields": {
    "name": "УЗИ у детей в 1 мес (скрининг-комплекс \"Я родился\"):бр.полость, почки, нейросонография, тазоб.суст.)",
    "description": "УЗИ у детей в 1 мес (скрининг-комплекс \"Я родился\"):бр.полость, почки, нейросонография, тазоб.суст.)",
    "price": "3000.00"
  }
},
{
  "model": "cabinet.service",
  "pk": 38,
  "fields": {
    "name": "УЗИ артерий почек с дуплексным сканированием",
    "description": "УЗИ артерий почек с дуплексным сканированием",
    "price": "3500.00"
  }
},
{
  "model": "cabinet.service",
  "pk": 39,
  "fields": {
    "name": "УЗИ мочеполовой системы (комплекс \"Мужское здоровье\"): почки, мочевой пузырь, предстательная железа",
    "description": "УЗИ мочеполовой системы (комплекс \"Мужское здоровье\"): почки, мочевой пузырь, предстательная железа (трансабдоминально, трансректально)",
    "price": "4900.00"
  }
},
{
  "model": "cabinet.license",
  "pk": 1,
  "fields": {
    "name": "01",
    "description": "01",
    "photo": "license/photos/Л1_JqDXrPK.jpg"
  }
},
{
  "model": "cabinet.license",
  "pk": 2,
  "fields": {
    "name": "02",
    "description": "02",
    "photo": "license/photos/Л2_6fIAqmw.jpg"
  }
},
{
  "model": "cabinet.gallery",
  "pk": 1,
  "fields": {
    "name": "снаружи",
    "description": "снаружи",
    "photo": "gallery/photos/Снаружи2.jpg"
  }
},
{
  "model": "cabinet.gallery",
  "pk": 2,
  "fields": {
    "name": "внутри",
    "description": "внутри",
    "photo": "gallery/photos/Внутри_6RFX53Q.jpg"
  }
},
{
  "model": "cabinet.review",
  "pk": 1,
  "fields": {
    "name": "001",
    "description": "001",
    "photo": "review/photos/01_uAOuLsv.jpg"
  }
},
{
  "model": "cabinet.review",
  "pk": 2,
  "fields": {
    "name": "002",
    "description": "002",
    "photo": "review/photos/02.jpg"
  }
},
{
  "model": "cabinet.review",
  "pk": 3,
  "fields": {
    "name": "003",
    "description": "003",
    "photo": "review/photos/03.jpg"
  }
},
{
  "model": "cabinet.review",
  "pk": 4,
  "fields": {
    "name": "004",
    "description": "004",
    "photo": "review/photos/04.jpg"
  }
},
{
  "model": "cabinet.review",
  "pk": 5,
  "fields": {
    "name": "005",
    "description": "005",
    "photo": "review/photos/05.jpg"
  }
},
{
  "model": "cabinet.review",
  "pk": 6,
  "fields": {
    "name": "006",
    "description": "006",
    "photo": "review/photos/06.jpg"
  }
},
{
  "model": "cabinet.review",
  "pk": 7,
  "fields": {
    "name": "007",
    "description": "007",
    "photo": "review/photos/07.jpg"
  }
},
{
  "model": "cabinet.review",
  "pk": 8,
  "fields": {
    "name": "008",
    "description": "008",
    "photo": "review/photos/08.jpg"
  }
},
{
  "model": "cabinet.review",
  "pk": 9,
  "fields": {
    "name": "009",
    "description": "009",
    "photo": "review/photos/09.jpg"
  }
},
{
  "model": "cabinet.review",
  "pk": 10,
  "fields": {
    "name": "010",
    "description": "010",
    "photo": "review/photos/10.jpg"
  }
},
{
  "model": "cabinet.review",
  "pk": 11,
  "fields": {
    "name": "011",
    "description": "011",
    "photo": "review/photos/11.jpg"
  }
},
{
  "model": "cabinet.review",
  "pk": 12,
  "fields": {
    "name": "012",
    "description": "012",
    "photo": "review/photos/12.jpg"
  }
},
{
  "model": "cabinet.review",
  "pk": 13,
  "fields": {
    "name": "013",
    "description": "013",
    "photo": "review/photos/13.jpg"
  }
},
{
  "model": "cabinet.review",
  "pk": 14,
  "fields": {
    "name": "014",
    "description": "014",
    "photo": "review/photos/14.jpg"
  }
},
{
  "model": "cabinet.review",
  "pk": 15,
  "fields": {
    "name": "015",
    "description": "015",
    "photo": "review/photos/15.jpg"
  }
},
{
  "model": "cabinet.review",
  "pk": 16,
  "fields": {
    "name": "016",
    "description": "016",
    "photo": "review/photos/16.jpg"
  }
},
{
  "model": "cabinet.review",
  "pk": 17,
  "fields": {
    "name": "017",
    "description": "017",
    "photo": "review/photos/17.jpg"
  }
},
{
  "model": "cabinet.review",
  "pk": 18,
  "fields": {
    "name": "018",
    "description": "018",
    "photo": "review/photos/18.jpg"
  }
},
{
  "model": "cabinet.review",
  "pk": 19,
  "fields": {
    "name": "019",
    "description": "019",
    "photo": "review/photos/19.jpg"
  }
},
{
  "model": "cabinet.review",
  "pk": 20,
  "fields": {
    "name": "020",
    "description": "020",
    "photo": "review/photos/20.jpg"
  }
},
{
  "model": "cabinet.review",
  "pk": 21,
  "fields": {
    "name": "021",
    "description": "021",
    "photo": "review/photos/21.jpg"
  }
},
{
  "model": "cabinet.review",
  "pk": 22,
  "fields": {
    "name": "022",
    "description": "022",
    "photo": "review/photos/22.jpg"
  }
},
{
  "model": "cabinet.review",
  "pk": 23,
  "fields": {
    "name": "023",
    "description": "023",
    "photo": "review/photos/23.jpg"
  }
},
{
  "model": "cabinet.review",
  "pk": 24,
  "fields": {
    "name": "024",
    "description": "024",
    "photo": "review/photos/24.jpg"
  }
},
{
  "model": "cabinet.review",
  "pk": 25,
  "fields": {
    "name": "025",
    "description": "025",
    "photo": "review/photos/25.jpg"
  }
},
{
  "model": "cabinet.review",
  "pk": 26,
  "fields": {
    "name": "026",
    "description": "026",
    "photo": "review/photos/26.jpg"
  }
},
{
  "model": "cabinet.review",
  "pk": 27,
  "fields": {
    "name": "027",
    "description": "027",
    "photo": "review/photos/27.jpg"
  }
},
{
  "model": "cabinet.review",
  "pk": 28,
  "fields": {
    "name": "028",
    "description": "028",
    "photo": "review/photos/28.jpg"
  }
},
{
  "model": "cabinet.review",
  "pk": 29,
  "fields": {
    "name": "029",
    "description": "029",
    "photo": "review/photos/29.jpg"
  }
},
{
  "model": "cabinet.review",
  "pk": 30,
  "fields": {
    "name": "030",
    "description": "030",
    "photo": "review/photos/30.jpg"
  }
},
{
  "model": "cabinet.review",
  "pk": 31,
  "fields": {
    "name": "031",
    "description": "031",
    "photo": "review/photos/31.jpg"
  }
},
{
  "model": "cabinet.review",
  "pk": 32,
  "fields": {
    "name": "032",
    "description": "032",
    "photo": "review/photos/32.jpg"
  }
},
{
  "model": "cabinet.review",
  "pk": 33,
  "fields": {
    "name": "033",
    "description": "033",
    "photo": "review/photos/33.jpg"
  }
},
{
  "model": "cabinet.review",
  "pk": 34,
  "fields": {
    "name": "034",
    "description": "034",
    "photo": "review/photos/34.jpg"
  }
},
{
  "model": "cabinet.review",
  "pk": 35,
  "fields": {
    "name": "035",
    "description": "035",
    "photo": "review/photos/35.jpg"
  }
},
{
  "model": "cabinet.review",
  "pk": 36,
  "fields": {
    "name": "036",
    "description": "036",
    "photo": "review/photos/36.jpg"
  }
},
{
  "model": "cabinet.review",
  "pk": 37,
  "fields": {
    "name": "037",
    "description": "037",
    "photo": "review/photos/37.jpg"
  }
},
{
  "model": "cabinet.review",
  "pk": 38,
  "fields": {
    "name": "038",
    "description": "038",
    "photo": "review/photos/38.jpg"
  }
},
{
  "model": "cabinet.review",
  "pk": 39,
  "fields": {
    "name": "039",
    "description": "039",
    "photo": "review/photos/39.jpg"
  }
},
{
  "model": "cabinet.review",
  "pk": 40,
  "fields": {
    "name": "040",
    "description": "040",
    "photo": "review/photos/40.jpg"
  }
},
{
  "model": "cabinet.review",
  "pk": 41,
  "fields": {
    "name": "041",
    "description": "041",
    "photo": "review/photos/41.jpg"
  }
},
{
  "model": "cabinet.review",
  "pk": 44,
  "fields": {
    "name": "042",
    "description": "042",
    "photo": "review/photos/42_lAulGBF.jpg"
  }
},
{
  "model": "cabinet.review",
  "pk": 45,
  "fields": {
    "name": "043",
    "description": "043",
    "photo": "review/photos/43.jpg"
  }
},
{
  "model": "cabinet.price",
  "pk": 1,
  "fields": {
    "name": "УЗИ плевральной полости",
    "price": 600
  }
},
{
  "model": "cabinet.price",
  "pk": 2,
  "fields": {
    "name": "УЗИ щитовидной железы и паращитовидных желез у детей",
    "price": 800
  }
},
{
  "model": "cabinet.price",
  "pk": 3,
  "fields": {
    "name": "УЗИ щитовидной железы и паращитовидных желез",
    "price": 1000
  }
},
{
  "model": "cabinet.price",
  "pk": 4,
  "fields": {
    "name": "УЗИ мочевого пузыря с определением остаточного объема мочи",
    "price": 1000
  }
},
{
  "model": "cabinet.price",
  "pk": 5,
  "fields": {
    "name": "УЗИ слюнных желез (подъязычных, подчелюстных, околоушных)",
    "price": 1400
  }
},
{
  "model": "cabinet.price",
  "pk": 6,
  "fields": {
    "name": "УЗИ грудных желез (мужчины)",
    "price": 1000
  }
},
{
  "model": "cabinet.price",
  "pk": 7,
  "fields": {
    "name": "УЗИ мягких тканей (1 зона)",
    "price": 1000
  }
},
{
  "model": "cabinet.price",
  "pk": 8,
  "fields": {
    "name": "УЗИ почек и надпочечников у детей",
    "price": 1000
  }
},
{
  "model": "cabinet.price",
  "pk": 9,
  "fields": {
    "name": "УЗИ почек и надпочечников",
    "price": 1200
  }
},
{
  "model": "cabinet.price",
  "pk": 10,
  "fields": {
    "name": "УЗИ молочных желез",
    "price": 1200
  }
},
{
  "model": "cabinet.price",
  "pk": 11,
  "fields": {
    "name": "УЗИ мошонки",
    "price": 1000
  }
},
{
  "model": "cabinet.price",
  "pk": 12,
  "fields": {
    "name": "УЗИ лимфатических узлов - 1 зона: (шейные, подмышечные, паховые, забрюшинные)",
    "price": 1200
  }
},
{
  "model": "cabinet.price",
  "pk": 13,
  "fields": {
    "name": "УЗИ органов брюшной полости и почек у детей",
    "price": 1200
  }
},
{
  "model": "cabinet.price",
  "pk": 14,
  "fields": {
    "name": "УЗИ тазобедренных суставов у детей",
    "price": 1200
  }
},
{
  "model": "cabinet.price",
  "pk": 15,
  "fields": {
    "name": "УЗИ почек и мочевого пузыря",
    "price": 1400
  }
},
{
  "model": "cabinet.price",
  "pk": 16,
  "fields": {
    "name": "УЗИ органов брюшной полости (комплексное)",
    "price": 1500
  }
},
{
  "model": "cabinet.price",
  "pk": 17,
  "fields": {
    "name": "УЗИ органов малого таза у женщин (комплексное)",
    "price": 1500
  }
},
{
  "model": "cabinet.price",
  "pk": 18,
  "fields": {
    "name": "Дуплексное сканирование экстракраниальных отделов брахиоцефальных артерий (УЗДГ БЦА)",
    "price": 1500
  }
},
{
  "model": "cabinet.price",
  "pk": 19,
  "fields": {
    "name": "УЗИ органов брюшной полости с определением сократительной функции желчного пузыря у взрослых",
    "price": 1500
  }
},
{
  "model": "cabinet.price",
  "pk": 20,
  "fields": {
    "name": "Нейросонография у детей",
    "price": 1500
  }
},
{
  "model": "cabinet.price",
  "pk": 21,
  "fields": {
    "name": "УЗИ органов малого таза при беременности (до 12 недель)",
    "price": 1500
  }
},
{
  "model": "cabinet.price",
  "pk": 22,
  "fields": {
    "name": "УЗИ щитовидной железы и лимфатических узлов шеи",
    "price": 1600
  }
},
{
  "model": "cabinet.price",
  "pk": 23,
  "fields": {
    "name": "Дуплексное сканирование артерий верхних конечностей (правая или левая рука)",
    "price": 1600
  }
},
{
  "model": "cabinet.price",
  "pk": 24,
  "fields": {
    "name": "УЗИ сустава - 1 зона: (коленный, локтевой, плечевой, лучезапястный)",
    "price": 1800
  }
},
{
  "model": "cabinet.price",
  "pk": 25,
  "fields": {
    "name": "УЗИ органов брюшной полости с определением сократительной функции желчного пузыря у детей",
    "price": 1800
  }
},
{
  "model": "cabinet.price",
  "pk": 26,
  "fields": {
    "name": "УЗИ периферических нервов (1 зона)",
    "price": 1800
  }
},
{
  "model": "cabinet.price",
  "pk": 27,
  "fields": {
    "name": "Дуплексное сканирование аорты и ее висцеральных ветвей)",
    "price": 1900
  }
},
{
  "model": "cabinet.price",
  "pk": 28,
  "fields": {
    "name": "Дуплексное сканирование вен нижних конечностей",
    "price": 2000
  }
},
{
  "model": "cabinet.price",
  "pk": 29,
  "fields": {
    "name": "Дуплексное сканирование артерий нижних конечностей",
    "price": 2200
  }
},
{
  "model": "cabinet.price",
  "pk": 30,
  "fields": {
    "name": "Дуплексное сканирование экстракраниальных отделов брахиоцефальных артерий (УЗДГ БЦА) у детей",
    "price": 2200
  }
},
{
  "model": "cabinet.price",
  "pk": 31,
  "fields": {
    "name": "УЗИ предстательной железы, почек и мочевого пузыря с опр-ем ост. объема мочи (трансабдоминально)",
    "price": 2400
  }
},
{
  "model": "cabinet.price",
  "pk": 32,
  "fields": {
    "name": "УЗИ предстательной железы, почек и мочевого пузыря с опр-ем ост. объема мочи (трансректально)",
    "price": 2500
  }
},
{
  "model": "cabinet.price",
  "pk": 33,
  "fields": {
    "name": "УЗИ комплекс \"Женское здоровье\": щитовидн железы, молочных желез, органов МТ(трансабдом/трансвагин)",
    "price": 3500
  }
},
{
  "model": "cabinet.price",
  "pk": 34,
  "fields": {
    "name": "УЗИ у детей в 1 мес (скрининг-комплекс \"Я родился\"):бр.полость, почки, нейросонография, тазоб.суст.)",
    "price": 3000
  }
},
{
  "model": "cabinet.price",
  "pk": 35,
  "fields": {
    "name": "УЗИ артерий почек с дуплексным сканированием",
    "price": 3500
  }
},
{
  "model": "cabinet.price",
  "pk": 36,
  "fields": {
    "name": "УЗИ мочеполовой системы (комплекс \"Мужское здоровье\"): почки, мочевой пузырь, предстательная железа",
    "price": 4900
  }
},
{
  "model": "cabinet.sitevisitor",
  "pk": 3,
  "fields": {
    "session_id": "rn1p192e2jjjheyuooswnywymmayj6ku",
    "first_visited_at": "2024-10-21T14:48:18.449Z",
    "last_visited_at": "2024-10-21T23:57:04.417Z",
    "views": 3
  }
},
{
  "model": "cabinet.sitevisitor",
  "pk": 4,
  "fields": {
    "session_id": "p6kqj3b2k3b0k2aiy6daqp85z3c2kvqb",
    "first_visited_at": "2024-10-21T15:12:10.160Z",
    "last_visited_at": "2024-10-29T10:39:02.184Z",
    "views": 13
  }
},
{
  "model": "cabinet.sitevisitor",
  "pk": 5,
  "fields": {
    "session_id": "dpdsk6eezzszj3hdgjdsmwxdh6vp7kbz",
    "first_visited_at": "2024-10-21T23:57:10.874Z",
    "last_visited_at": "2024-10-21T23:57:16.167Z",
    "views": 1
  }
},
{
  "model": "cabinet.sitevisitor",
  "pk": 6,
  "fields": {
    "session_id": "nkn7y2tuqvf9pjo3l4nxoii868lra4rj",
    "first_visited_at": "2024-11-05T13:14:19.141Z",
    "last_visited_at": "2024-11-06T15:41:35.187Z",
    "views": 29
  }
},
{
  "model": "cabinet.sitevisitor",
  "pk": 7,
  "fields": {
    "session_id": "6tjflsw5lq0w9dz1lbneem9715ccjmb5",
    "first_visited_at": "2024-11-05T13:41:46.803Z",
    "last_visited_at": "2024-11-10T01:53:13.466Z",
    "views": 7
  }
},
{
  "model": "cabinet.sitevisitor",
  "pk": 8,
  "fields": {
    "session_id": "yoxptpv1nlz05wi463udt3y79mz6b9n5",
    "first_visited_at": "2024-11-08T18:57:20.824Z",
    "last_visited_at": "2024-11-14T14:34:01.165Z",
    "views": 8
  }
},
{
  "model": "cabinet.sitevisitor",
  "pk": 9,
  "fields": {
    "session_id": "5mnzaxfyy53wx589an2r2xq5pw2aibvy",
    "first_visited_at": "2024-11-14T14:34:40.185Z",
    "last_visited_at": "2024-11-15T15:03:26.936Z",
    "views": 4
  }
},
{
  "model": "cabinet.sitevisitor",
  "pk": 10,
  "fields": {
    "session_id": "kqarmyfuex7pr646edqz8prpq7yoxh3w",
    "first_visited_at": "2024-12-14T02:25:11.656Z",
    "last_visited_at": "2024-12-15T00:48:29.637Z",
    "views": 4
  }
},
{
  "model": "cabinet.sitevisitor",
  "pk": 11,
  "fields": {
    "session_id": "5i0j2uuu2rr3rizmjc1wm5c8g3gwmkfz",
    "first_visited_at": "2024-12-15T01:21:32.113Z",
    "last_visited_at": "2024-12-15T07:26:13.395Z",
    "views": 26
  }
}
]
